formula,case,steps,violations,worst_ulps
left,unit,8388608,0,0
left,off,128,0,0
left,yoff,262144,0,0
left,sign,262144,0,0
left,flat,262144,0,0
left,steep,1024,0,0
left,neg,262144,0,0
left,odd,262144,0,0
left,rand,4775219,0,0
left_slope,unit,8388608,0,0
left_slope,off,128,0,0
left_slope,yoff,262144,0,0
left_slope,sign,262144,0,0
left_slope,flat,262144,0,0
left_slope,steep,1024,0,0
left_slope,neg,262144,0,0
left_slope,odd,262144,0,0
left_slope,rand,4775219,0,0
left_t,unit,8388608,0,0
left_t,off,128,0,0
left_t,yoff,262144,0,0
left_t,sign,262144,0,0
left_t,flat,262144,0,0
left_t,steep,1024,0,0
left_t,neg,262144,0,0
left_t,odd,262144,0,0
left_t,rand,4775219,0,0
right,unit,8388608,0,0
right,off,128,0,0
right,yoff,262144,0,0
right,sign,262144,0,0
right,flat,262144,0,0
right,steep,1024,0,0
right,neg,262144,0,0
right,odd,262144,0,0
right,rand,4775219,0,0
weights,unit,8388608,0,0
weights,off,128,0,0
weights,yoff,262144,3092,1
weights,sign,262144,0,0
weights,flat,262144,7178,1
weights,steep,1024,0,0
weights,neg,262144,0,0
weights,odd,262144,0,0
weights,rand,4775219,19048,1
fma,unit,8388608,0,0
fma,off,128,0,0
fma,yoff,262144,0,0
fma,sign,262144,0,0
fma,flat,262144,0,0
fma,steep,1024,0,0
fma,neg,262144,0,0
fma,odd,262144,0,0
fma,rand,4775219,0,0
nearest,unit,8388608,0,0
nearest,off,128,0,0
nearest,yoff,262144,0,0
nearest,sign,262144,0,0
nearest,flat,262144,0,0
nearest,steep,1024,0,0
nearest,neg,262144,0,0
nearest,odd,262144,0,0
nearest,rand,4775219,0,0
std::lerp,unit,8388608,0,0
std::lerp,off,128,0,0
std::lerp,yoff,262144,0,0
std::lerp,sign,262144,0,0
std::lerp,flat,262144,0,0
std::lerp,steep,1024,0,0
std::lerp,neg,262144,0,0
std::lerp,odd,262144,0,0
std::lerp,rand,4775219,0,0
nearest_fma,unit,8388608,0,0
nearest_fma,off,128,0,0
nearest_fma,yoff,262144,0,0
nearest_fma,sign,262144,0,0
nearest_fma,flat,262144,0,0
nearest_fma,steep,1024,0,0
nearest_fma,neg,262144,0,0
nearest_fma,odd,262144,0,0
nearest_fma,rand,4775219,0,0
nearest_comp,unit,8388608,0,0
nearest_comp,off,128,0,0
nearest_comp,yoff,262144,0,0
nearest_comp,sign,262144,0,0
nearest_comp,flat,262144,0,0
nearest_comp,steep,1024,0,0
nearest_comp,neg,262144,0,0
nearest_comp,odd,262144,0,0
nearest_comp,rand,4775219,0,0
nearest_comp_nofma,unit,8388608,0,0
nearest_comp_nofma,off,128,0,0
nearest_comp_nofma,yoff,262144,0,0
nearest_comp_nofma,sign,262144,0,0
nearest_comp_nofma,flat,262144,0,0
nearest_comp_nofma,steep,1024,0,0
nearest_comp_nofma,neg,262144,0,0
nearest_comp_nofma,odd,262144,0,0
nearest_comp_nofma,rand,4775219,0,0
left_comp_nofma,unit,8388608,0,0
left_comp_nofma,off,128,0,0
left_comp_nofma,yoff,262144,0,0
left_comp_nofma,sign,262144,0,0
left_comp_nofma,flat,262144,0,0
left_comp_nofma,steep,1024,0,0
left_comp_nofma,neg,262144,0,0
left_comp_nofma,odd,262144,0,0
left_comp_nofma,rand,4775219,0,0
nearest_wide,unit,8388608,0,0
nearest_wide,off,128,0,0
nearest_wide,yoff,262144,0,0
nearest_wide,sign,262144,0,0
nearest_wide,flat,262144,0,0
nearest_wide,steep,1024,0,0
nearest_wide,neg,262144,0,0
nearest_wide,odd,262144,0,0
nearest_wide,rand,4775219,0,0
