case,formula,bin_lo,bin_hi,samples,max_err_ulps,mean_err_ulps
unit,left,0,0.1,26143,0,0
unit,left,0.1,0.2,26180,0,0
unit,left,0.2,0.3,26236,0,0
unit,left,0.3,0.4,26449,0,0
unit,left,0.4,0.5,26518,0,0
unit,left,0.5,0.6,26215,0,0
unit,left,0.6,0.7,25885,0,0
unit,left,0.7,0.8,26066,0,0
unit,left,0.8,0.9,26237,0,0
unit,left,0.9,1,26215,0,0
unit,left_slope,0,0.1,26143,0,0
unit,left_slope,0.1,0.2,26180,0,0
unit,left_slope,0.2,0.3,26236,0,0
unit,left_slope,0.3,0.4,26449,0,0
unit,left_slope,0.4,0.5,26518,0,0
unit,left_slope,0.5,0.6,26215,0,0
unit,left_slope,0.6,0.7,25885,0,0
unit,left_slope,0.7,0.8,26066,0,0
unit,left_slope,0.8,0.9,26237,0,0
unit,left_slope,0.9,1,26215,0,0
unit,left_t,0,0.1,26143,0,0
unit,left_t,0.1,0.2,26180,0,0
unit,left_t,0.2,0.3,26236,0,0
unit,left_t,0.3,0.4,26449,0,0
unit,left_t,0.4,0.5,26518,0,0
unit,left_t,0.5,0.6,26215,0,0
unit,left_t,0.6,0.7,25885,0,0
unit,left_t,0.7,0.8,26066,0,0
unit,left_t,0.8,0.9,26237,0,0
unit,left_t,0.9,1,26215,0,0
unit,right,0,0.1,26143,0,0
unit,right,0.1,0.2,26180,0,0
unit,right,0.2,0.3,26236,0,0
unit,right,0.3,0.4,26449,0,0
unit,right,0.4,0.5,26518,0,0
unit,right,0.5,0.6,26215,0,0
unit,right,0.6,0.7,25885,0,0
unit,right,0.7,0.8,26066,0,0
unit,right,0.8,0.9,26237,0,0
unit,right,0.9,1,26215,0,0
unit,weights,0,0.1,26143,0,0
unit,weights,0.1,0.2,26180,0,0
unit,weights,0.2,0.3,26236,0,0
unit,weights,0.3,0.4,26449,0,0
unit,weights,0.4,0.5,26518,0,0
unit,weights,0.5,0.6,26215,0,0
unit,weights,0.6,0.7,25885,0,0
unit,weights,0.7,0.8,26066,0,0
unit,weights,0.8,0.9,26237,0,0
unit,weights,0.9,1,26215,0,0
unit,fma,0,0.1,26143,0,0
unit,fma,0.1,0.2,26180,0,0
unit,fma,0.2,0.3,26236,0,0
unit,fma,0.3,0.4,26449,0,0
unit,fma,0.4,0.5,26518,0,0
unit,fma,0.5,0.6,26215,0,0
unit,fma,0.6,0.7,25885,0,0
unit,fma,0.7,0.8,26066,0,0
unit,fma,0.8,0.9,26237,0,0
unit,fma,0.9,1,26215,0,0
unit,nearest,0,0.1,26143,0,0
unit,nearest,0.1,0.2,26180,0,0
unit,nearest,0.2,0.3,26236,0,0
unit,nearest,0.3,0.4,26449,0,0
unit,nearest,0.4,0.5,26518,0,0
unit,nearest,0.5,0.6,26215,0,0
unit,nearest,0.6,0.7,25885,0,0
unit,nearest,0.7,0.8,26066,0,0
unit,nearest,0.8,0.9,26237,0,0
unit,nearest,0.9,1,26215,0,0
unit,std::lerp,0,0.1,26143,0,0
unit,std::lerp,0.1,0.2,26180,0,0
unit,std::lerp,0.2,0.3,26236,0,0
unit,std::lerp,0.3,0.4,26449,0,0
unit,std::lerp,0.4,0.5,26518,0,0
unit,std::lerp,0.5,0.6,26215,0,0
unit,std::lerp,0.6,0.7,25885,0,0
unit,std::lerp,0.7,0.8,26066,0,0
unit,std::lerp,0.8,0.9,26237,0,0
unit,std::lerp,0.9,1,26215,0,0
unit,nearest_fma,0,0.1,26143,0,0
unit,nearest_fma,0.1,0.2,26180,0,0
unit,nearest_fma,0.2,0.3,26236,0,0
unit,nearest_fma,0.3,0.4,26449,0,0
unit,nearest_fma,0.4,0.5,26518,0,0
unit,nearest_fma,0.5,0.6,26215,0,0
unit,nearest_fma,0.6,0.7,25885,0,0
unit,nearest_fma,0.7,0.8,26066,0,0
unit,nearest_fma,0.8,0.9,26237,0,0
unit,nearest_fma,0.9,1,26215,0,0
unit,nearest_comp,0,0.1,26143,0,0
unit,nearest_comp,0.1,0.2,26180,0,0
unit,nearest_comp,0.2,0.3,26236,0,0
unit,nearest_comp,0.3,0.4,26449,0,0
unit,nearest_comp,0.4,0.5,26518,0,0
unit,nearest_comp,0.5,0.6,26215,0,0
unit,nearest_comp,0.6,0.7,25885,0,0
unit,nearest_comp,0.7,0.8,26066,0,0
unit,nearest_comp,0.8,0.9,26237,0,0
unit,nearest_comp,0.9,1,26215,0,0
unit,nearest_comp_nofma,0,0.1,26143,0,0
unit,nearest_comp_nofma,0.1,0.2,26180,0,0
unit,nearest_comp_nofma,0.2,0.3,26236,0,0
unit,nearest_comp_nofma,0.3,0.4,26449,0,0
unit,nearest_comp_nofma,0.4,0.5,26518,0,0
unit,nearest_comp_nofma,0.5,0.6,26215,0,0
unit,nearest_comp_nofma,0.6,0.7,25885,0,0
unit,nearest_comp_nofma,0.7,0.8,26066,0,0
unit,nearest_comp_nofma,0.8,0.9,26237,0,0
unit,nearest_comp_nofma,0.9,1,26215,0,0
unit,left_comp_nofma,0,0.1,26143,0,0
unit,left_comp_nofma,0.1,0.2,26180,0,0
unit,left_comp_nofma,0.2,0.3,26236,0,0
unit,left_comp_nofma,0.3,0.4,26449,0,0
unit,left_comp_nofma,0.4,0.5,26518,0,0
unit,left_comp_nofma,0.5,0.6,26215,0,0
unit,left_comp_nofma,0.6,0.7,25885,0,0
unit,left_comp_nofma,0.7,0.8,26066,0,0
unit,left_comp_nofma,0.8,0.9,26237,0,0
unit,left_comp_nofma,0.9,1,26215,0,0
unit,nearest_wide,0,0.1,26143,0,0
unit,nearest_wide,0.1,0.2,26180,0,0
unit,nearest_wide,0.2,0.3,26236,0,0
unit,nearest_wide,0.3,0.4,26449,0,0
unit,nearest_wide,0.4,0.5,26518,0,0
unit,nearest_wide,0.5,0.6,26215,0,0
unit,nearest_wide,0.6,0.7,25885,0,0
unit,nearest_wide,0.7,0.8,26066,0,0
unit,nearest_wide,0.8,0.9,26237,0,0
unit,nearest_wide,0.9,1,26215,0,0
unit,correctly_rounded,0,0.1,26143,0,0
unit,correctly_rounded,0.1,0.2,26180,0,0
unit,correctly_rounded,0.2,0.3,26236,0,0
unit,correctly_rounded,0.3,0.4,26449,0,0
unit,correctly_rounded,0.4,0.5,26518,0,0
unit,correctly_rounded,0.5,0.6,26215,0,0
unit,correctly_rounded,0.6,0.7,25885,0,0
unit,correctly_rounded,0.7,0.8,26066,0,0
unit,correctly_rounded,0.8,0.9,26237,0,0
unit,correctly_rounded,0.9,1,26215,0,0
off,left,0,0.1,13,0,0
off,left,0.1,0.2,13,0,0
off,left,0.2,0.3,13,0,0
off,left,0.3,0.4,13,0,0
off,left,0.4,0.5,12,0,0
off,left,0.5,0.6,13,0,0
off,left,0.6,0.7,13,0,0
off,left,0.7,0.8,13,0,0
off,left,0.8,0.9,13,0,0
off,left,0.9,1,13,0,0
off,left_slope,0,0.1,13,0,0
off,left_slope,0.1,0.2,13,0,0
off,left_slope,0.2,0.3,13,0,0
off,left_slope,0.3,0.4,13,0,0
off,left_slope,0.4,0.5,12,0,0
off,left_slope,0.5,0.6,13,0,0
off,left_slope,0.6,0.7,13,0,0
off,left_slope,0.7,0.8,13,0,0
off,left_slope,0.8,0.9,13,0,0
off,left_slope,0.9,1,13,0,0
off,left_t,0,0.1,13,0,0
off,left_t,0.1,0.2,13,0,0
off,left_t,0.2,0.3,13,0,0
off,left_t,0.3,0.4,13,0,0
off,left_t,0.4,0.5,12,0,0
off,left_t,0.5,0.6,13,0,0
off,left_t,0.6,0.7,13,0,0
off,left_t,0.7,0.8,13,0,0
off,left_t,0.8,0.9,13,0,0
off,left_t,0.9,1,13,0,0
off,right,0,0.1,13,0,0
off,right,0.1,0.2,13,0,0
off,right,0.2,0.3,13,0,0
off,right,0.3,0.4,13,0,0
off,right,0.4,0.5,12,0,0
off,right,0.5,0.6,13,0,0
off,right,0.6,0.7,13,0,0
off,right,0.7,0.8,13,0,0
off,right,0.8,0.9,13,0,0
off,right,0.9,1,13,0,0
off,weights,0,0.1,13,0,0
off,weights,0.1,0.2,13,0,0
off,weights,0.2,0.3,13,0,0
off,weights,0.3,0.4,13,0,0
off,weights,0.4,0.5,12,0,0
off,weights,0.5,0.6,13,0,0
off,weights,0.6,0.7,13,0,0
off,weights,0.7,0.8,13,0,0
off,weights,0.8,0.9,13,0,0
off,weights,0.9,1,13,0,0
off,fma,0,0.1,13,0,0
off,fma,0.1,0.2,13,0,0
off,fma,0.2,0.3,13,0,0
off,fma,0.3,0.4,13,0,0
off,fma,0.4,0.5,12,0,0
off,fma,0.5,0.6,13,0,0
off,fma,0.6,0.7,13,0,0
off,fma,0.7,0.8,13,0,0
off,fma,0.8,0.9,13,0,0
off,fma,0.9,1,13,0,0
off,nearest,0,0.1,13,0,0
off,nearest,0.1,0.2,13,0,0
off,nearest,0.2,0.3,13,0,0
off,nearest,0.3,0.4,13,0,0
off,nearest,0.4,0.5,12,0,0
off,nearest,0.5,0.6,13,0,0
off,nearest,0.6,0.7,13,0,0
off,nearest,0.7,0.8,13,0,0
off,nearest,0.8,0.9,13,0,0
off,nearest,0.9,1,13,0,0
off,std::lerp,0,0.1,13,0,0
off,std::lerp,0.1,0.2,13,0,0
off,std::lerp,0.2,0.3,13,0,0
off,std::lerp,0.3,0.4,13,0,0
off,std::lerp,0.4,0.5,12,0,0
off,std::lerp,0.5,0.6,13,0,0
off,std::lerp,0.6,0.7,13,0,0
off,std::lerp,0.7,0.8,13,0,0
off,std::lerp,0.8,0.9,13,0,0
off,std::lerp,0.9,1,13,0,0
off,nearest_fma,0,0.1,13,0,0
off,nearest_fma,0.1,0.2,13,0,0
off,nearest_fma,0.2,0.3,13,0,0
off,nearest_fma,0.3,0.4,13,0,0
off,nearest_fma,0.4,0.5,12,0,0
off,nearest_fma,0.5,0.6,13,0,0
off,nearest_fma,0.6,0.7,13,0,0
off,nearest_fma,0.7,0.8,13,0,0
off,nearest_fma,0.8,0.9,13,0,0
off,nearest_fma,0.9,1,13,0,0
off,nearest_comp,0,0.1,13,0,0
off,nearest_comp,0.1,0.2,13,0,0
off,nearest_comp,0.2,0.3,13,0,0
off,nearest_comp,0.3,0.4,13,0,0
off,nearest_comp,0.4,0.5,12,0,0
off,nearest_comp,0.5,0.6,13,0,0
off,nearest_comp,0.6,0.7,13,0,0
off,nearest_comp,0.7,0.8,13,0,0
off,nearest_comp,0.8,0.9,13,0,0
off,nearest_comp,0.9,1,13,0,0
off,nearest_comp_nofma,0,0.1,13,0,0
off,nearest_comp_nofma,0.1,0.2,13,0,0
off,nearest_comp_nofma,0.2,0.3,13,0,0
off,nearest_comp_nofma,0.3,0.4,13,0,0
off,nearest_comp_nofma,0.4,0.5,12,0,0
off,nearest_comp_nofma,0.5,0.6,13,0,0
off,nearest_comp_nofma,0.6,0.7,13,0,0
off,nearest_comp_nofma,0.7,0.8,13,0,0
off,nearest_comp_nofma,0.8,0.9,13,0,0
off,nearest_comp_nofma,0.9,1,13,0,0
off,left_comp_nofma,0,0.1,13,0,0
off,left_comp_nofma,0.1,0.2,13,0,0
off,left_comp_nofma,0.2,0.3,13,0,0
off,left_comp_nofma,0.3,0.4,13,0,0
off,left_comp_nofma,0.4,0.5,12,0,0
off,left_comp_nofma,0.5,0.6,13,0,0
off,left_comp_nofma,0.6,0.7,13,0,0
off,left_comp_nofma,0.7,0.8,13,0,0
off,left_comp_nofma,0.8,0.9,13,0,0
off,left_comp_nofma,0.9,1,13,0,0
off,nearest_wide,0,0.1,13,0,0
off,nearest_wide,0.1,0.2,13,0,0
off,nearest_wide,0.2,0.3,13,0,0
off,nearest_wide,0.3,0.4,13,0,0
off,nearest_wide,0.4,0.5,12,0,0
off,nearest_wide,0.5,0.6,13,0,0
off,nearest_wide,0.6,0.7,13,0,0
off,nearest_wide,0.7,0.8,13,0,0
off,nearest_wide,0.8,0.9,13,0,0
off,nearest_wide,0.9,1,13,0,0
off,correctly_rounded,0,0.1,13,0,0
off,correctly_rounded,0.1,0.2,13,0,0
off,correctly_rounded,0.2,0.3,13,0,0
off,correctly_rounded,0.3,0.4,13,0,0
off,correctly_rounded,0.4,0.5,12,0,0
off,correctly_rounded,0.5,0.6,13,0,0
off,correctly_rounded,0.6,0.7,13,0,0
off,correctly_rounded,0.7,0.8,13,0,0
off,correctly_rounded,0.8,0.9,13,0,0
off,correctly_rounded,0.9,1,13,0,0
yoff,left,0,0.1,26143,0.49999,0.252081
yoff,left,0.1,0.2,26180,0.499989,0.248685
yoff,left,0.2,0.3,26236,0.499997,0.247601
yoff,left,0.3,0.4,26449,0.499993,0.248341
yoff,left,0.4,0.5,26518,0.499992,0.251568
yoff,left,0.5,0.6,26215,0.499991,0.253098
yoff,left,0.6,0.7,25885,0.499992,0.248382
yoff,left,0.7,0.8,26066,0.499978,0.24718
yoff,left,0.8,0.9,26237,0.499959,0.248928
yoff,left,0.9,1,26215,0.499999,0.251158
yoff,left_slope,0,0.1,26143,0.49999,0.252081
yoff,left_slope,0.1,0.2,26180,0.499989,0.248685
yoff,left_slope,0.2,0.3,26236,0.499997,0.247601
yoff,left_slope,0.3,0.4,26449,0.499993,0.248341
yoff,left_slope,0.4,0.5,26518,0.499992,0.251568
yoff,left_slope,0.5,0.6,26215,0.499991,0.253098
yoff,left_slope,0.6,0.7,25885,0.499992,0.248382
yoff,left_slope,0.7,0.8,26066,0.499978,0.24718
yoff,left_slope,0.8,0.9,26237,0.499959,0.248928
yoff,left_slope,0.9,1,26215,0.499999,0.251158
yoff,left_t,0,0.1,26143,0.49999,0.252081
yoff,left_t,0.1,0.2,26180,0.499989,0.248685
yoff,left_t,0.2,0.3,26236,0.499997,0.247601
yoff,left_t,0.3,0.4,26449,0.499993,0.248341
yoff,left_t,0.4,0.5,26518,0.499992,0.251568
yoff,left_t,0.5,0.6,26215,0.499991,0.253098
yoff,left_t,0.6,0.7,25885,0.499992,0.248382
yoff,left_t,0.7,0.8,26066,0.499978,0.24718
yoff,left_t,0.8,0.9,26237,0.499959,0.248928
yoff,left_t,0.9,1,26215,0.499999,0.251158
yoff,right,0,0.1,26143,0.49999,0.252081
yoff,right,0.1,0.2,26180,0.499989,0.248685
yoff,right,0.2,0.3,26236,0.499997,0.247601
yoff,right,0.3,0.4,26449,0.499993,0.248341
yoff,right,0.4,0.5,26518,0.499992,0.251568
yoff,right,0.5,0.6,26215,0.499991,0.253098
yoff,right,0.6,0.7,25885,0.499992,0.248382
yoff,right,0.7,0.8,26066,0.499978,0.24718
yoff,right,0.8,0.9,26237,0.499959,0.248928
yoff,right,0.9,1,26215,0.499999,0.251158
yoff,weights,0,0.1,26143,0.779163,0.273612
yoff,weights,0.1,0.2,26180,0.81237,0.274931
yoff,weights,0.2,0.3,26236,0.874579,0.283332
yoff,weights,0.3,0.4,26449,0.87471,0.295453
yoff,weights,0.4,0.5,26518,0.874954,0.297489
yoff,weights,0.5,0.6,26215,0.749989,0.317197
yoff,weights,0.6,0.7,25885,0.749989,0.311607
yoff,weights,0.7,0.8,26066,0.749901,0.306073
yoff,weights,0.8,0.9,26237,0.749985,0.312331
yoff,weights,0.9,1,26215,0.749999,0.313217
yoff,fma,0,0.1,26143,0.49999,0.252081
yoff,fma,0.1,0.2,26180,0.499989,0.248685
yoff,fma,0.2,0.3,26236,0.499997,0.247601
yoff,fma,0.3,0.4,26449,0.499993,0.248341
yoff,fma,0.4,0.5,26518,0.499992,0.251568
yoff,fma,0.5,0.6,26215,0.499991,0.253098
yoff,fma,0.6,0.7,25885,0.499992,0.248382
yoff,fma,0.7,0.8,26066,0.499978,0.24718
yoff,fma,0.8,0.9,26237,0.499959,0.248928
yoff,fma,0.9,1,26215,0.499999,0.251158
yoff,nearest,0,0.1,26143,0.49999,0.252081
yoff,nearest,0.1,0.2,26180,0.499989,0.248685
yoff,nearest,0.2,0.3,26236,0.499997,0.247601
yoff,nearest,0.3,0.4,26449,0.499993,0.248341
yoff,nearest,0.4,0.5,26518,0.499992,0.251568
yoff,nearest,0.5,0.6,26215,0.499991,0.253098
yoff,nearest,0.6,0.7,25885,0.499992,0.248382
yoff,nearest,0.7,0.8,26066,0.499978,0.24718
yoff,nearest,0.8,0.9,26237,0.499959,0.248928
yoff,nearest,0.9,1,26215,0.499999,0.251158
yoff,std::lerp,0,0.1,26143,0.49999,0.252081
yoff,std::lerp,0.1,0.2,26180,0.499989,0.248685
yoff,std::lerp,0.2,0.3,26236,0.499997,0.247601
yoff,std::lerp,0.3,0.4,26449,0.499993,0.248341
yoff,std::lerp,0.4,0.5,26518,0.499992,0.251568
yoff,std::lerp,0.5,0.6,26215,0.499991,0.253098
yoff,std::lerp,0.6,0.7,25885,0.499992,0.248382
yoff,std::lerp,0.7,0.8,26066,0.499978,0.24718
yoff,std::lerp,0.8,0.9,26237,0.499959,0.248928
yoff,std::lerp,0.9,1,26215,0.499999,0.251158
yoff,nearest_fma,0,0.1,26143,0.49999,0.252081
yoff,nearest_fma,0.1,0.2,26180,0.499989,0.248685
yoff,nearest_fma,0.2,0.3,26236,0.499997,0.247601
yoff,nearest_fma,0.3,0.4,26449,0.499993,0.248341
yoff,nearest_fma,0.4,0.5,26518,0.499992,0.251568
yoff,nearest_fma,0.5,0.6,26215,0.499991,0.253098
yoff,nearest_fma,0.6,0.7,25885,0.499992,0.248382
yoff,nearest_fma,0.7,0.8,26066,0.499978,0.24718
yoff,nearest_fma,0.8,0.9,26237,0.499959,0.248928
yoff,nearest_fma,0.9,1,26215,0.499999,0.251158
yoff,nearest_comp,0,0.1,26143,0.49999,0.252081
yoff,nearest_comp,0.1,0.2,26180,0.499989,0.248685
yoff,nearest_comp,0.2,0.3,26236,0.499997,0.247601
yoff,nearest_comp,0.3,0.4,26449,0.499993,0.248341
yoff,nearest_comp,0.4,0.5,26518,0.499992,0.251568
yoff,nearest_comp,0.5,0.6,26215,0.499991,0.253098
yoff,nearest_comp,0.6,0.7,25885,0.499992,0.248382
yoff,nearest_comp,0.7,0.8,26066,0.499978,0.24718
yoff,nearest_comp,0.8,0.9,26237,0.499959,0.248928
yoff,nearest_comp,0.9,1,26215,0.499999,0.251158
yoff,nearest_comp_nofma,0,0.1,26143,0.49999,0.252081
yoff,nearest_comp_nofma,0.1,0.2,26180,0.499989,0.248685
yoff,nearest_comp_nofma,0.2,0.3,26236,0.499997,0.247601
yoff,nearest_comp_nofma,0.3,0.4,26449,0.499993,0.248341
yoff,nearest_comp_nofma,0.4,0.5,26518,0.499992,0.251568
yoff,nearest_comp_nofma,0.5,0.6,26215,0.499991,0.253098
yoff,nearest_comp_nofma,0.6,0.7,25885,0.499992,0.248382
yoff,nearest_comp_nofma,0.7,0.8,26066,0.499978,0.24718
yoff,nearest_comp_nofma,0.8,0.9,26237,0.499959,0.248928
yoff,nearest_comp_nofma,0.9,1,26215,0.499999,0.251158
yoff,left_comp_nofma,0,0.1,26143,0.49999,0.252081
yoff,left_comp_nofma,0.1,0.2,26180,0.499989,0.248685
yoff,left_comp_nofma,0.2,0.3,26236,0.499997,0.247601
yoff,left_comp_nofma,0.3,0.4,26449,0.499993,0.248341
yoff,left_comp_nofma,0.4,0.5,26518,0.499992,0.251568
yoff,left_comp_nofma,0.5,0.6,26215,0.499991,0.253098
yoff,left_comp_nofma,0.6,0.7,25885,0.499992,0.248382
yoff,left_comp_nofma,0.7,0.8,26066,0.499978,0.24718
yoff,left_comp_nofma,0.8,0.9,26237,0.499959,0.248928
yoff,left_comp_nofma,0.9,1,26215,0.499999,0.251158
yoff,nearest_wide,0,0.1,26143,0.500181,0.252081
yoff,nearest_wide,0.1,0.2,26180,0.500241,0.248685
yoff,nearest_wide,0.2,0.3,26236,0.500233,0.247601
yoff,nearest_wide,0.3,0.4,26449,0.500012,0.248341
yoff,nearest_wide,0.4,0.5,26518,0.500049,0.251568
yoff,nearest_wide,0.5,0.6,26215,0.500221,0.253098
yoff,nearest_wide,0.6,0.7,25885,0.500091,0.248382
yoff,nearest_wide,0.7,0.8,26066,0.50024,0.24718
yoff,nearest_wide,0.8,0.9,26237,0.500238,0.248928
yoff,nearest_wide,0.9,1,26215,0.50023,0.251158
yoff,correctly_rounded,0,0.1,26143,0.49999,0.252081
yoff,correctly_rounded,0.1,0.2,26180,0.499989,0.248685
yoff,correctly_rounded,0.2,0.3,26236,0.499997,0.247601
yoff,correctly_rounded,0.3,0.4,26449,0.499993,0.248341
yoff,correctly_rounded,0.4,0.5,26518,0.499992,0.251568
yoff,correctly_rounded,0.5,0.6,26215,0.499991,0.253098
yoff,correctly_rounded,0.6,0.7,25885,0.499992,0.248382
yoff,correctly_rounded,0.7,0.8,26066,0.499978,0.24718
yoff,correctly_rounded,0.8,0.9,26237,0.499959,0.248928
yoff,correctly_rounded,0.9,1,26215,0.499999,0.251158
sign,left,0,0.1,26143,0.25,0.1251
sign,left,0.1,0.2,26180,0.25,0.124914
sign,left,0.2,0.3,26236,0.25,0.0608134
sign,left,0.3,0.4,26449,0,0
sign,left,0.4,0.5,26518,0,0
sign,left,0.5,0.6,26215,0,0
sign,left,0.6,0.7,25885,0,0
sign,left,0.7,0.8,26066,0,0
sign,left,0.8,0.9,26237,0,0
sign,left,0.9,1,26215,0,0
sign,left_slope,0,0.1,26143,0.25,0.1251
sign,left_slope,0.1,0.2,26180,0.25,0.124914
sign,left_slope,0.2,0.3,26236,0.25,0.0608134
sign,left_slope,0.3,0.4,26449,0,0
sign,left_slope,0.4,0.5,26518,0,0
sign,left_slope,0.5,0.6,26215,0,0
sign,left_slope,0.6,0.7,25885,0,0
sign,left_slope,0.7,0.8,26066,0,0
sign,left_slope,0.8,0.9,26237,0,0
sign,left_slope,0.9,1,26215,0,0
sign,left_t,0,0.1,26143,0.25,0.1251
sign,left_t,0.1,0.2,26180,0.25,0.124914
sign,left_t,0.2,0.3,26236,0.25,0.0608134
sign,left_t,0.3,0.4,26449,0,0
sign,left_t,0.4,0.5,26518,0,0
sign,left_t,0.5,0.6,26215,0,0
sign,left_t,0.6,0.7,25885,0,0
sign,left_t,0.7,0.8,26066,0,0
sign,left_t,0.8,0.9,26237,0,0
sign,left_t,0.9,1,26215,0,0
sign,right,0,0.1,26143,0.5,0.250807
sign,right,0.1,0.2,26180,0.5,0.249312
sign,right,0.2,0.3,26236,0.5,0.250457
sign,right,0.3,0.4,26449,0.5,0.24776
sign,right,0.4,0.5,26518,0.5,0.250811
sign,right,0.5,0.6,26215,0,0
sign,right,0.6,0.7,25885,0,0
sign,right,0.7,0.8,26066,0,0
sign,right,0.8,0.9,26237,0,0
sign,right,0.9,1,26215,0,0
sign,weights,0,0.1,26143,0.5,0.250807
sign,weights,0.1,0.2,26180,0.5,0.249312
sign,weights,0.2,0.3,26236,0.5,0.187138
sign,weights,0.3,0.4,26449,0.25,0.12388
sign,weights,0.4,0.5,26518,0.25,0.125405
sign,weights,0.5,0.6,26215,0,0
sign,weights,0.6,0.7,25885,0,0
sign,weights,0.7,0.8,26066,0,0
sign,weights,0.8,0.9,26237,0,0
sign,weights,0.9,1,26215,0,0
sign,fma,0,0.1,26143,0.25,0.1251
sign,fma,0.1,0.2,26180,0.25,0.124914
sign,fma,0.2,0.3,26236,0.25,0.0608134
sign,fma,0.3,0.4,26449,0,0
sign,fma,0.4,0.5,26518,0,0
sign,fma,0.5,0.6,26215,0,0
sign,fma,0.6,0.7,25885,0,0
sign,fma,0.7,0.8,26066,0,0
sign,fma,0.8,0.9,26237,0,0
sign,fma,0.9,1,26215,0,0
sign,nearest,0,0.1,26143,0.25,0.1251
sign,nearest,0.1,0.2,26180,0.25,0.124914
sign,nearest,0.2,0.3,26236,0.25,0.0608134
sign,nearest,0.3,0.4,26449,0,0
sign,nearest,0.4,0.5,26518,0,0
sign,nearest,0.5,0.6,26215,0,0
sign,nearest,0.6,0.7,25885,0,0
sign,nearest,0.7,0.8,26066,0,0
sign,nearest,0.8,0.9,26237,0,0
sign,nearest,0.9,1,26215,0,0
sign,std::lerp,0,0.1,26143,0.5,0.250807
sign,std::lerp,0.1,0.2,26180,0.5,0.249312
sign,std::lerp,0.2,0.3,26236,0.5,0.187138
sign,std::lerp,0.3,0.4,26449,0.25,0.12388
sign,std::lerp,0.4,0.5,26518,0.25,0.125405
sign,std::lerp,0.5,0.6,26215,0,0
sign,std::lerp,0.6,0.7,25885,0,0
sign,std::lerp,0.7,0.8,26066,0,0
sign,std::lerp,0.8,0.9,26237,0,0
sign,std::lerp,0.9,1,26215,0,0
sign,nearest_fma,0,0.1,26143,0.25,0.1251
sign,nearest_fma,0.1,0.2,26180,0.25,0.124914
sign,nearest_fma,0.2,0.3,26236,0.25,0.0608134
sign,nearest_fma,0.3,0.4,26449,0,0
sign,nearest_fma,0.4,0.5,26518,0,0
sign,nearest_fma,0.5,0.6,26215,0,0
sign,nearest_fma,0.6,0.7,25885,0,0
sign,nearest_fma,0.7,0.8,26066,0,0
sign,nearest_fma,0.8,0.9,26237,0,0
sign,nearest_fma,0.9,1,26215,0,0
sign,nearest_comp,0,0.1,26143,0.25,0.1251
sign,nearest_comp,0.1,0.2,26180,0.25,0.124914
sign,nearest_comp,0.2,0.3,26236,0.25,0.0608134
sign,nearest_comp,0.3,0.4,26449,0,0
sign,nearest_comp,0.4,0.5,26518,0,0
sign,nearest_comp,0.5,0.6,26215,0,0
sign,nearest_comp,0.6,0.7,25885,0,0
sign,nearest_comp,0.7,0.8,26066,0,0
sign,nearest_comp,0.8,0.9,26237,0,0
sign,nearest_comp,0.9,1,26215,0,0
sign,nearest_comp_nofma,0,0.1,26143,0.25,0.1251
sign,nearest_comp_nofma,0.1,0.2,26180,0.25,0.124914
sign,nearest_comp_nofma,0.2,0.3,26236,0.25,0.0608134
sign,nearest_comp_nofma,0.3,0.4,26449,0,0
sign,nearest_comp_nofma,0.4,0.5,26518,0,0
sign,nearest_comp_nofma,0.5,0.6,26215,0,0
sign,nearest_comp_nofma,0.6,0.7,25885,0,0
sign,nearest_comp_nofma,0.7,0.8,26066,0,0
sign,nearest_comp_nofma,0.8,0.9,26237,0,0
sign,nearest_comp_nofma,0.9,1,26215,0,0
sign,left_comp_nofma,0,0.1,26143,0.25,0.1251
sign,left_comp_nofma,0.1,0.2,26180,0.25,0.124914
sign,left_comp_nofma,0.2,0.3,26236,0.25,0.0608134
sign,left_comp_nofma,0.3,0.4,26449,0,0
sign,left_comp_nofma,0.4,0.5,26518,0,0
sign,left_comp_nofma,0.5,0.6,26215,0,0
sign,left_comp_nofma,0.6,0.7,25885,0,0
sign,left_comp_nofma,0.7,0.8,26066,0,0
sign,left_comp_nofma,0.8,0.9,26237,0,0
sign,left_comp_nofma,0.9,1,26215,0,0
sign,nearest_wide,0,0.1,26143,0.25,0.1251
sign,nearest_wide,0.1,0.2,26180,0.25,0.124914
sign,nearest_wide,0.2,0.3,26236,0.25,0.0608134
sign,nearest_wide,0.3,0.4,26449,0,0
sign,nearest_wide,0.4,0.5,26518,0,0
sign,nearest_wide,0.5,0.6,26215,0,0
sign,nearest_wide,0.6,0.7,25885,0,0
sign,nearest_wide,0.7,0.8,26066,0,0
sign,nearest_wide,0.8,0.9,26237,0,0
sign,nearest_wide,0.9,1,26215,0,0
sign,correctly_rounded,0,0.1,26143,0.25,0.1251
sign,correctly_rounded,0.1,0.2,26180,0.25,0.124914
sign,correctly_rounded,0.2,0.3,26236,0.25,0.0608134
sign,correctly_rounded,0.3,0.4,26449,0,0
sign,correctly_rounded,0.4,0.5,26518,0,0
sign,correctly_rounded,0.5,0.6,26215,0,0
sign,correctly_rounded,0.6,0.7,25885,0,0
sign,correctly_rounded,0.7,0.8,26066,0,0
sign,correctly_rounded,0.8,0.9,26237,0,0
sign,correctly_rounded,0.9,1,26215,0,0
flat,left,0,0.1,26143,0,0
flat,left,0.1,0.2,26180,0,0
flat,left,0.2,0.3,26236,0,0
flat,left,0.3,0.4,26449,0,0
flat,left,0.4,0.5,26518,0,0
flat,left,0.5,0.6,26215,0,0
flat,left,0.6,0.7,25885,0,0
flat,left,0.7,0.8,26066,0,0
flat,left,0.8,0.9,26237,0,0
flat,left,0.9,1,26215,0,0
flat,left_slope,0,0.1,26143,0,0
flat,left_slope,0.1,0.2,26180,0,0
flat,left_slope,0.2,0.3,26236,0,0
flat,left_slope,0.3,0.4,26449,0,0
flat,left_slope,0.4,0.5,26518,0,0
flat,left_slope,0.5,0.6,26215,0,0
flat,left_slope,0.6,0.7,25885,0,0
flat,left_slope,0.7,0.8,26066,0,0
flat,left_slope,0.8,0.9,26237,0,0
flat,left_slope,0.9,1,26215,0,0
flat,left_t,0,0.1,26143,0,0
flat,left_t,0.1,0.2,26180,0,0
flat,left_t,0.2,0.3,26236,0,0
flat,left_t,0.3,0.4,26449,0,0
flat,left_t,0.4,0.5,26518,0,0
flat,left_t,0.5,0.6,26215,0,0
flat,left_t,0.6,0.7,25885,0,0
flat,left_t,0.7,0.8,26066,0,0
flat,left_t,0.8,0.9,26237,0,0
flat,left_t,0.9,1,26215,0,0
flat,right,0,0.1,26143,0,0
flat,right,0.1,0.2,26180,0,0
flat,right,0.2,0.3,26236,0,0
flat,right,0.3,0.4,26449,0,0
flat,right,0.4,0.5,26518,0,0
flat,right,0.5,0.6,26215,0,0
flat,right,0.6,0.7,25885,0,0
flat,right,0.7,0.8,26066,0,0
flat,right,0.8,0.9,26237,0,0
flat,right,0.9,1,26215,0,0
flat,weights,0,0.1,26143,0,0
flat,weights,0.1,0.2,26180,1,0.0122231
flat,weights,0.2,0.3,26236,1,0.0383061
flat,weights,0.3,0.4,26449,1,0.137132
flat,weights,0.4,0.5,26518,1,0.147485
flat,weights,0.5,0.6,26215,0,0
flat,weights,0.6,0.7,25885,0,0
flat,weights,0.7,0.8,26066,0,0
flat,weights,0.8,0.9,26237,0,0
flat,weights,0.9,1,26215,0,0
flat,fma,0,0.1,26143,0,0
flat,fma,0.1,0.2,26180,0,0
flat,fma,0.2,0.3,26236,0,0
flat,fma,0.3,0.4,26449,0,0
flat,fma,0.4,0.5,26518,0,0
flat,fma,0.5,0.6,26215,0,0
flat,fma,0.6,0.7,25885,0,0
flat,fma,0.7,0.8,26066,0,0
flat,fma,0.8,0.9,26237,0,0
flat,fma,0.9,1,26215,0,0
flat,nearest,0,0.1,26143,0,0
flat,nearest,0.1,0.2,26180,0,0
flat,nearest,0.2,0.3,26236,0,0
flat,nearest,0.3,0.4,26449,0,0
flat,nearest,0.4,0.5,26518,0,0
flat,nearest,0.5,0.6,26215,0,0
flat,nearest,0.6,0.7,25885,0,0
flat,nearest,0.7,0.8,26066,0,0
flat,nearest,0.8,0.9,26237,0,0
flat,nearest,0.9,1,26215,0,0
flat,std::lerp,0,0.1,26143,0,0
flat,std::lerp,0.1,0.2,26180,0,0
flat,std::lerp,0.2,0.3,26236,0,0
flat,std::lerp,0.3,0.4,26449,0,0
flat,std::lerp,0.4,0.5,26518,0,0
flat,std::lerp,0.5,0.6,26215,0,0
flat,std::lerp,0.6,0.7,25885,0,0
flat,std::lerp,0.7,0.8,26066,0,0
flat,std::lerp,0.8,0.9,26237,0,0
flat,std::lerp,0.9,1,26215,0,0
flat,nearest_fma,0,0.1,26143,0,0
flat,nearest_fma,0.1,0.2,26180,0,0
flat,nearest_fma,0.2,0.3,26236,0,0
flat,nearest_fma,0.3,0.4,26449,0,0
flat,nearest_fma,0.4,0.5,26518,0,0
flat,nearest_fma,0.5,0.6,26215,0,0
flat,nearest_fma,0.6,0.7,25885,0,0
flat,nearest_fma,0.7,0.8,26066,0,0
flat,nearest_fma,0.8,0.9,26237,0,0
flat,nearest_fma,0.9,1,26215,0,0
flat,nearest_comp,0,0.1,26143,0,0
flat,nearest_comp,0.1,0.2,26180,0,0
flat,nearest_comp,0.2,0.3,26236,0,0
flat,nearest_comp,0.3,0.4,26449,0,0
flat,nearest_comp,0.4,0.5,26518,0,0
flat,nearest_comp,0.5,0.6,26215,0,0
flat,nearest_comp,0.6,0.7,25885,0,0
flat,nearest_comp,0.7,0.8,26066,0,0
flat,nearest_comp,0.8,0.9,26237,0,0
flat,nearest_comp,0.9,1,26215,0,0
flat,nearest_comp_nofma,0,0.1,26143,0,0
flat,nearest_comp_nofma,0.1,0.2,26180,0,0
flat,nearest_comp_nofma,0.2,0.3,26236,0,0
flat,nearest_comp_nofma,0.3,0.4,26449,0,0
flat,nearest_comp_nofma,0.4,0.5,26518,0,0
flat,nearest_comp_nofma,0.5,0.6,26215,0,0
flat,nearest_comp_nofma,0.6,0.7,25885,0,0
flat,nearest_comp_nofma,0.7,0.8,26066,0,0
flat,nearest_comp_nofma,0.8,0.9,26237,0,0
flat,nearest_comp_nofma,0.9,1,26215,0,0
flat,left_comp_nofma,0,0.1,26143,0,0
flat,left_comp_nofma,0.1,0.2,26180,0,0
flat,left_comp_nofma,0.2,0.3,26236,0,0
flat,left_comp_nofma,0.3,0.4,26449,0,0
flat,left_comp_nofma,0.4,0.5,26518,0,0
flat,left_comp_nofma,0.5,0.6,26215,0,0
flat,left_comp_nofma,0.6,0.7,25885,0,0
flat,left_comp_nofma,0.7,0.8,26066,0,0
flat,left_comp_nofma,0.8,0.9,26237,0,0
flat,left_comp_nofma,0.9,1,26215,0,0
flat,nearest_wide,0,0.1,26143,0,0
flat,nearest_wide,0.1,0.2,26180,0,0
flat,nearest_wide,0.2,0.3,26236,0,0
flat,nearest_wide,0.3,0.4,26449,0,0
flat,nearest_wide,0.4,0.5,26518,0,0
flat,nearest_wide,0.5,0.6,26215,0,0
flat,nearest_wide,0.6,0.7,25885,0,0
flat,nearest_wide,0.7,0.8,26066,0,0
flat,nearest_wide,0.8,0.9,26237,0,0
flat,nearest_wide,0.9,1,26215,0,0
flat,correctly_rounded,0,0.1,26143,0,0
flat,correctly_rounded,0.1,0.2,26180,0,0
flat,correctly_rounded,0.2,0.3,26236,0,0
flat,correctly_rounded,0.3,0.4,26449,0,0
flat,correctly_rounded,0.4,0.5,26518,0,0
flat,correctly_rounded,0.5,0.6,26215,0,0
flat,correctly_rounded,0.6,0.7,25885,0,0
flat,correctly_rounded,0.7,0.8,26066,0,0
flat,correctly_rounded,0.8,0.9,26237,0,0
flat,correctly_rounded,0.9,1,26215,0,0
steep,left,0,0.1,103,0,0
steep,left,0.1,0.2,102,0,0
steep,left,0.2,0.3,103,0,0
steep,left,0.3,0.4,102,0,0
steep,left,0.4,0.5,102,0,0
steep,left,0.5,0.6,103,0,0
steep,left,0.6,0.7,102,0,0
steep,left,0.7,0.8,103,0,0
steep,left,0.8,0.9,102,0,0
steep,left,0.9,1,103,0,0
steep,left_slope,0,0.1,103,0,0
steep,left_slope,0.1,0.2,102,0,0
steep,left_slope,0.2,0.3,103,0,0
steep,left_slope,0.3,0.4,102,0,0
steep,left_slope,0.4,0.5,102,0,0
steep,left_slope,0.5,0.6,103,0,0
steep,left_slope,0.6,0.7,102,0,0
steep,left_slope,0.7,0.8,103,0,0
steep,left_slope,0.8,0.9,102,0,0
steep,left_slope,0.9,1,103,0,0
steep,left_t,0,0.1,103,0,0
steep,left_t,0.1,0.2,102,0,0
steep,left_t,0.2,0.3,103,0,0
steep,left_t,0.3,0.4,102,0,0
steep,left_t,0.4,0.5,102,0,0
steep,left_t,0.5,0.6,103,0,0
steep,left_t,0.6,0.7,102,0,0
steep,left_t,0.7,0.8,103,0,0
steep,left_t,0.8,0.9,102,0,0
steep,left_t,0.9,1,103,0,0
steep,right,0,0.1,103,0,0
steep,right,0.1,0.2,102,0,0
steep,right,0.2,0.3,103,0,0
steep,right,0.3,0.4,102,0,0
steep,right,0.4,0.5,102,0,0
steep,right,0.5,0.6,103,0,0
steep,right,0.6,0.7,102,0,0
steep,right,0.7,0.8,103,0,0
steep,right,0.8,0.9,102,0,0
steep,right,0.9,1,103,0,0
steep,weights,0,0.1,103,0,0
steep,weights,0.1,0.2,102,0,0
steep,weights,0.2,0.3,103,0,0
steep,weights,0.3,0.4,102,0,0
steep,weights,0.4,0.5,102,0,0
steep,weights,0.5,0.6,103,0,0
steep,weights,0.6,0.7,102,0,0
steep,weights,0.7,0.8,103,0,0
steep,weights,0.8,0.9,102,0,0
steep,weights,0.9,1,103,0,0
steep,fma,0,0.1,103,0,0
steep,fma,0.1,0.2,102,0,0
steep,fma,0.2,0.3,103,0,0
steep,fma,0.3,0.4,102,0,0
steep,fma,0.4,0.5,102,0,0
steep,fma,0.5,0.6,103,0,0
steep,fma,0.6,0.7,102,0,0
steep,fma,0.7,0.8,103,0,0
steep,fma,0.8,0.9,102,0,0
steep,fma,0.9,1,103,0,0
steep,nearest,0,0.1,103,0,0
steep,nearest,0.1,0.2,102,0,0
steep,nearest,0.2,0.3,103,0,0
steep,nearest,0.3,0.4,102,0,0
steep,nearest,0.4,0.5,102,0,0
steep,nearest,0.5,0.6,103,0,0
steep,nearest,0.6,0.7,102,0,0
steep,nearest,0.7,0.8,103,0,0
steep,nearest,0.8,0.9,102,0,0
steep,nearest,0.9,1,103,0,0
steep,std::lerp,0,0.1,103,0,0
steep,std::lerp,0.1,0.2,102,0,0
steep,std::lerp,0.2,0.3,103,0,0
steep,std::lerp,0.3,0.4,102,0,0
steep,std::lerp,0.4,0.5,102,0,0
steep,std::lerp,0.5,0.6,103,0,0
steep,std::lerp,0.6,0.7,102,0,0
steep,std::lerp,0.7,0.8,103,0,0
steep,std::lerp,0.8,0.9,102,0,0
steep,std::lerp,0.9,1,103,0,0
steep,nearest_fma,0,0.1,103,0,0
steep,nearest_fma,0.1,0.2,102,0,0
steep,nearest_fma,0.2,0.3,103,0,0
steep,nearest_fma,0.3,0.4,102,0,0
steep,nearest_fma,0.4,0.5,102,0,0
steep,nearest_fma,0.5,0.6,103,0,0
steep,nearest_fma,0.6,0.7,102,0,0
steep,nearest_fma,0.7,0.8,103,0,0
steep,nearest_fma,0.8,0.9,102,0,0
steep,nearest_fma,0.9,1,103,0,0
steep,nearest_comp,0,0.1,103,0,0
steep,nearest_comp,0.1,0.2,102,0,0
steep,nearest_comp,0.2,0.3,103,0,0
steep,nearest_comp,0.3,0.4,102,0,0
steep,nearest_comp,0.4,0.5,102,0,0
steep,nearest_comp,0.5,0.6,103,0,0
steep,nearest_comp,0.6,0.7,102,0,0
steep,nearest_comp,0.7,0.8,103,0,0
steep,nearest_comp,0.8,0.9,102,0,0
steep,nearest_comp,0.9,1,103,0,0
steep,nearest_comp_nofma,0,0.1,103,0,0
steep,nearest_comp_nofma,0.1,0.2,102,0,0
steep,nearest_comp_nofma,0.2,0.3,103,0,0
steep,nearest_comp_nofma,0.3,0.4,102,0,0
steep,nearest_comp_nofma,0.4,0.5,102,0,0
steep,nearest_comp_nofma,0.5,0.6,103,0,0
steep,nearest_comp_nofma,0.6,0.7,102,0,0
steep,nearest_comp_nofma,0.7,0.8,103,0,0
steep,nearest_comp_nofma,0.8,0.9,102,0,0
steep,nearest_comp_nofma,0.9,1,103,0,0
steep,left_comp_nofma,0,0.1,103,0,0
steep,left_comp_nofma,0.1,0.2,102,0,0
steep,left_comp_nofma,0.2,0.3,103,0,0
steep,left_comp_nofma,0.3,0.4,102,0,0
steep,left_comp_nofma,0.4,0.5,102,0,0
steep,left_comp_nofma,0.5,0.6,103,0,0
steep,left_comp_nofma,0.6,0.7,102,0,0
steep,left_comp_nofma,0.7,0.8,103,0,0
steep,left_comp_nofma,0.8,0.9,102,0,0
steep,left_comp_nofma,0.9,1,103,0,0
steep,nearest_wide,0,0.1,103,0,0
steep,nearest_wide,0.1,0.2,102,0,0
steep,nearest_wide,0.2,0.3,103,0,0
steep,nearest_wide,0.3,0.4,102,0,0
steep,nearest_wide,0.4,0.5,102,0,0
steep,nearest_wide,0.5,0.6,103,0,0
steep,nearest_wide,0.6,0.7,102,0,0
steep,nearest_wide,0.7,0.8,103,0,0
steep,nearest_wide,0.8,0.9,102,0,0
steep,nearest_wide,0.9,1,103,0,0
steep,correctly_rounded,0,0.1,103,0,0
steep,correctly_rounded,0.1,0.2,102,0,0
steep,correctly_rounded,0.2,0.3,103,0,0
steep,correctly_rounded,0.3,0.4,102,0,0
steep,correctly_rounded,0.4,0.5,102,0,0
steep,correctly_rounded,0.5,0.6,103,0,0
steep,correctly_rounded,0.6,0.7,102,0,0
steep,correctly_rounded,0.7,0.8,103,0,0
steep,correctly_rounded,0.8,0.9,102,0,0
steep,correctly_rounded,0.9,1,103,0,0
neg,left,0,0.1,26143,0.125,0.0623876
neg,left,0.1,0.2,26180,0.125,0.062574
neg,left,0.2,0.3,26236,0.25,0.111343
neg,left,0.3,0.4,26449,0.25,0.12561
neg,left,0.4,0.5,26518,0.5,0.194886
neg,left,0.5,0.6,26215,0.5,0.25206
neg,left,0.6,0.7,25885,0.5,0.251009
neg,left,0.7,0.8,26066,0.5,0.249966
neg,left,0.8,0.9,26237,1,0.277237
neg,left,0.9,1,26215,1,0.501216
neg,left_slope,0,0.1,26143,0.125,0.0623876
neg,left_slope,0.1,0.2,26180,0.125,0.0275055
neg,left_slope,0.2,0.3,26236,0.0625,0.0069823
neg,left_slope,0.3,0.4,26449,0.125,0.0515946
neg,left_slope,0.4,0.5,26518,0.25,0.0972123
neg,left_slope,0.5,0.6,26215,0.25,0.124833
neg,left_slope,0.6,0.7,25885,0.5,0.168162
neg,left_slope,0.7,0.8,26066,0.5,0.249966
neg,left_slope,0.8,0.9,26237,0.5,0.250233
neg,left_slope,0.9,1,26215,0.5,0.249089
neg,left_t,0,0.1,26143,0.125,0.0623876
neg,left_t,0.1,0.2,26180,0.125,0.0275055
neg,left_t,0.2,0.3,26236,0.0625,0.0069823
neg,left_t,0.3,0.4,26449,0.125,0.0515946
neg,left_t,0.4,0.5,26518,0.25,0.0972123
neg,left_t,0.5,0.6,26215,0.25,0.124833
neg,left_t,0.6,0.7,25885,0.5,0.168162
neg,left_t,0.7,0.8,26066,0.5,0.249966
neg,left_t,0.8,0.9,26237,0.5,0.250233
neg,left_t,0.9,1,26215,0.5,0.249089
neg,right,0,0.1,26143,1.5625,0.573973
neg,right,0.1,0.2,26180,1.5625,0.388278
neg,right,0.2,0.3,26236,1.0625,0.390327
neg,right,0.3,0.4,26449,1.0625,0.403489
neg,right,0.4,0.5,26518,1.0625,0.407332
neg,right,0.5,0.6,26215,0.5,0.195222
neg,right,0.6,0.7,25885,0.625,0.179153
neg,right,0.7,0.8,26066,0.625,0.281885
neg,right,0.8,0.9,26237,0.625,0.278047
neg,right,0.9,1,26215,0.5,0.249089
neg,weights,0,0.1,26143,0.125,0.0623876
neg,weights,0.1,0.2,26180,0.15625,0.0610533
neg,weights,0.2,0.3,26236,0.3125,0.0827251
neg,weights,0.3,0.4,26449,0.3125,0.156778
neg,weights,0.4,0.5,26518,0.375,0.17449
neg,weights,0.5,0.6,26215,0.625,0.223403
neg,weights,0.6,0.7,25885,0.75,0.33431
neg,weights,0.7,0.8,26066,0.75,0.374055
neg,weights,0.8,0.9,26237,0.75,0.375486
neg,weights,0.9,1,26215,0.75,0.373541
neg,fma,0,0.1,26143,0.125,0.0623876
neg,fma,0.1,0.2,26180,0.125,0.0275055
neg,fma,0.2,0.3,26236,0.0625,0.0069823
neg,fma,0.3,0.4,26449,0.125,0.0515946
neg,fma,0.4,0.5,26518,0.25,0.0972123
neg,fma,0.5,0.6,26215,0.25,0.124833
neg,fma,0.6,0.7,25885,0.5,0.168162
neg,fma,0.7,0.8,26066,0.5,0.249966
neg,fma,0.8,0.9,26237,0.5,0.250233
neg,fma,0.9,1,26215,0.5,0.249089
neg,nearest,0,0.1,26143,0.125,0.0623876
neg,nearest,0.1,0.2,26180,0.125,0.062574
neg,nearest,0.2,0.3,26236,0.25,0.111343
neg,nearest,0.3,0.4,26449,0.25,0.12561
neg,nearest,0.4,0.5,26518,0.5,0.194886
neg,nearest,0.5,0.6,26215,0.5,0.195222
neg,nearest,0.6,0.7,25885,0.625,0.179153
neg,nearest,0.7,0.8,26066,0.625,0.281885
neg,nearest,0.8,0.9,26237,0.625,0.278047
neg,nearest,0.9,1,26215,0.5,0.249089
neg,std::lerp,0,0.1,26143,0.125,0.0623876
neg,std::lerp,0.1,0.2,26180,0.125,0.0397691
neg,std::lerp,0.2,0.3,26236,0.125,0.0556321
neg,std::lerp,0.3,0.4,26449,0.125,0.0515946
neg,std::lerp,0.4,0.5,26518,0.3125,0.114917
neg,std::lerp,0.5,0.6,26215,0.25,0.124833
neg,std::lerp,0.6,0.7,25885,0.5,0.168162
neg,std::lerp,0.7,0.8,26066,0.5,0.249966
neg,std::lerp,0.8,0.9,26237,0.5,0.250233
neg,std::lerp,0.9,1,26215,0.5,0.249089
neg,nearest_fma,0,0.1,26143,0.125,0.0623876
neg,nearest_fma,0.1,0.2,26180,0.125,0.0275055
neg,nearest_fma,0.2,0.3,26236,0.0625,0.0069823
neg,nearest_fma,0.3,0.4,26449,0.125,0.0515946
neg,nearest_fma,0.4,0.5,26518,0.25,0.0972123
neg,nearest_fma,0.5,0.6,26215,0.25,0.124833
neg,nearest_fma,0.6,0.7,25885,0.5,0.168162
neg,nearest_fma,0.7,0.8,26066,0.5,0.249966
neg,nearest_fma,0.8,0.9,26237,0.5,0.250233
neg,nearest_fma,0.9,1,26215,0.5,0.249089
neg,nearest_comp,0,0.1,26143,0.125,0.0623876
neg,nearest_comp,0.1,0.2,26180,0.125,0.0275055
neg,nearest_comp,0.2,0.3,26236,0.0625,0.0069823
neg,nearest_comp,0.3,0.4,26449,0.125,0.0515946
neg,nearest_comp,0.4,0.5,26518,0.25,0.0972123
neg,nearest_comp,0.5,0.6,26215,0.25,0.124833
neg,nearest_comp,0.6,0.7,25885,0.5,0.168162
neg,nearest_comp,0.7,0.8,26066,0.5,0.249966
neg,nearest_comp,0.8,0.9,26237,0.5,0.250233
neg,nearest_comp,0.9,1,26215,0.5,0.249089
neg,nearest_comp_nofma,0,0.1,26143,0.125,0.0623876
neg,nearest_comp_nofma,0.1,0.2,26180,0.125,0.0275055
neg,nearest_comp_nofma,0.2,0.3,26236,0.0625,0.0069823
neg,nearest_comp_nofma,0.3,0.4,26449,0.125,0.0515946
neg,nearest_comp_nofma,0.4,0.5,26518,0.25,0.0972123
neg,nearest_comp_nofma,0.5,0.6,26215,0.25,0.124833
neg,nearest_comp_nofma,0.6,0.7,25885,0.5,0.168162
neg,nearest_comp_nofma,0.7,0.8,26066,0.5,0.249966
neg,nearest_comp_nofma,0.8,0.9,26237,0.5,0.250233
neg,nearest_comp_nofma,0.9,1,26215,0.5,0.249089
neg,left_comp_nofma,0,0.1,26143,0.125,0.0623876
neg,left_comp_nofma,0.1,0.2,26180,0.125,0.0275055
neg,left_comp_nofma,0.2,0.3,26236,0.0625,0.0069823
neg,left_comp_nofma,0.3,0.4,26449,0.125,0.0515946
neg,left_comp_nofma,0.4,0.5,26518,0.25,0.0972123
neg,left_comp_nofma,0.5,0.6,26215,0.25,0.124833
neg,left_comp_nofma,0.6,0.7,25885,0.5,0.168162
neg,left_comp_nofma,0.7,0.8,26066,0.5,0.249966
neg,left_comp_nofma,0.8,0.9,26237,0.5,0.250233
neg,left_comp_nofma,0.9,1,26215,0.5,0.249089
neg,nearest_wide,0,0.1,26143,0.125,0.0623876
neg,nearest_wide,0.1,0.2,26180,0.125,0.0275055
neg,nearest_wide,0.2,0.3,26236,0.0625,0.0069823
neg,nearest_wide,0.3,0.4,26449,0.125,0.0515946
neg,nearest_wide,0.4,0.5,26518,0.25,0.0972123
neg,nearest_wide,0.5,0.6,26215,0.25,0.124833
neg,nearest_wide,0.6,0.7,25885,0.5,0.168162
neg,nearest_wide,0.7,0.8,26066,0.5,0.249966
neg,nearest_wide,0.8,0.9,26237,0.5,0.250233
neg,nearest_wide,0.9,1,26215,0.5,0.249089
neg,correctly_rounded,0,0.1,26143,0.125,0.0623876
neg,correctly_rounded,0.1,0.2,26180,0.125,0.0275055
neg,correctly_rounded,0.2,0.3,26236,0.0625,0.0069823
neg,correctly_rounded,0.3,0.4,26449,0.125,0.0515946
neg,correctly_rounded,0.4,0.5,26518,0.25,0.0972123
neg,correctly_rounded,0.5,0.6,26215,0.25,0.124833
neg,correctly_rounded,0.6,0.7,25885,0.5,0.168162
neg,correctly_rounded,0.7,0.8,26066,0.5,0.249966
neg,correctly_rounded,0.8,0.9,26237,0.5,0.250233
neg,correctly_rounded,0.9,1,26215,0.5,0.249089
odd,left,0,0.1,26143,0.274992,0.0631204
odd,left,0.1,0.2,26180,0.466666,0.16835
odd,left,0.2,0.3,26236,0.491662,0.245694
odd,left,0.3,0.4,26449,0.849987,0.322238
odd,left,0.4,0.5,26518,1.20831,0.450332
odd,left,0.5,0.6,26215,1.23333,0.5483
odd,left,0.6,0.7,25885,1.23955,0.443557
odd,left,0.7,0.8,26066,0.741654,0.294488
odd,left,0.8,0.9,26237,0.716666,0.282844
odd,left,0.9,1,26215,0.691656,0.269195
odd,left_slope,0,0.1,26143,0.108329,0.0611504
odd,left_slope,0.1,0.2,26180,0.3,0.145633
odd,left_slope,0.2,0.3,26236,0.324997,0.160244
odd,left_slope,0.3,0.4,26449,0.349996,0.171304
odd,left_slope,0.4,0.5,26518,0.874998,0.389589
odd,left_slope,0.5,0.6,26215,0.899992,0.465014
odd,left_slope,0.6,0.7,25885,1.24997,0.519205
odd,left_slope,0.7,0.8,26066,0.616665,0.287529
odd,left_slope,0.8,0.9,26237,0.641665,0.257189
odd,left_slope,0.9,1,26215,0.666663,0.265435
odd,left_t,0,0.1,26143,0.108329,0.0611504
odd,left_t,0.1,0.2,26180,0.3,0.136766
odd,left_t,0.2,0.3,26236,0.491662,0.228763
odd,left_t,0.3,0.4,26449,0.516663,0.35002
odd,left_t,0.4,0.5,26518,1.20831,0.477189
odd,left_t,0.5,0.6,26215,1.23333,0.646082
odd,left_t,0.6,0.7,25885,1.24997,0.572296
odd,left_t,0.7,0.8,26066,0.741659,0.335901
odd,left_t,0.8,0.9,26237,0.641665,0.257189
odd,left_t,0.9,1,26215,0.666663,0.265435
odd,right,0,0.1,26143,1.91665,0.631534
odd,right,0.1,0.2,26180,1.8915,0.580999
odd,right,0.2,0.3,26236,1.53328,0.49565
odd,right,0.3,0.4,26449,1.17498,0.356126
odd,right,0.4,0.5,26518,0.816638,0.371472
odd,right,0.5,0.6,26215,0.791664,0.529565
odd,right,0.6,0.7,25885,0.766666,0.458831
odd,right,0.7,0.8,26066,0.741659,0.320223
odd,right,0.8,0.9,26237,0.716658,0.253587
odd,right,0.9,1,26215,0.358333,0.203236
odd,weights,0,0.1,26143,0.19164,0.0732914
odd,weights,0.1,0.2,26180,0.383727,0.136354
odd,weights,0.2,0.3,26236,0.491662,0.189565
odd,weights,0.3,0.4,26449,0.516663,0.23825
odd,weights,0.4,0.5,26518,0.874998,0.371885
odd,weights,0.5,0.6,26215,1.2333,0.470968
odd,weights,0.6,0.7,25885,1.24997,0.469566
odd,weights,0.7,0.8,26066,0.741654,0.336571
odd,weights,0.8,0.9,26237,0.716666,0.313997
odd,weights,0.9,1,26215,0.691665,0.306581
odd,fma,0,0.1,26143,0.108329,0.0611504
odd,fma,0.1,0.2,26180,0.3,0.136766
odd,fma,0.2,0.3,26236,0.491662,0.228763
odd,fma,0.3,0.4,26449,0.516663,0.35002
odd,fma,0.4,0.5,26518,1.20831,0.477189
odd,fma,0.5,0.6,26215,1.23333,0.646082
odd,fma,0.6,0.7,25885,1.24997,0.572296
odd,fma,0.7,0.8,26066,0.741659,0.335901
odd,fma,0.8,0.9,26237,0.641665,0.257189
odd,fma,0.9,1,26215,0.666663,0.265435
odd,nearest,0,0.1,26143,0.274992,0.0631204
odd,nearest,0.1,0.2,26180,0.466666,0.16835
odd,nearest,0.2,0.3,26236,0.491662,0.245694
odd,nearest,0.3,0.4,26449,0.849987,0.322238
odd,nearest,0.4,0.5,26518,1.20831,0.450332
odd,nearest,0.5,0.6,26215,0.791664,0.529565
odd,nearest,0.6,0.7,25885,0.766666,0.458831
odd,nearest,0.7,0.8,26066,0.741659,0.320223
odd,nearest,0.8,0.9,26237,0.716658,0.253587
odd,nearest,0.9,1,26215,0.358333,0.203236
odd,std::lerp,0,0.1,26143,0.108329,0.0611504
odd,std::lerp,0.1,0.2,26180,0.3,0.136766
odd,std::lerp,0.2,0.3,26236,0.491662,0.228763
odd,std::lerp,0.3,0.4,26449,0.516663,0.35002
odd,std::lerp,0.4,0.5,26518,1.20831,0.477189
odd,std::lerp,0.5,0.6,26215,1.23333,0.646082
odd,std::lerp,0.6,0.7,25885,1.24997,0.572296
odd,std::lerp,0.7,0.8,26066,0.741659,0.335901
odd,std::lerp,0.8,0.9,26237,0.641665,0.257189
odd,std::lerp,0.9,1,26215,0.666663,0.265435
odd,nearest_fma,0,0.1,26143,0.108329,0.0611504
odd,nearest_fma,0.1,0.2,26180,0.3,0.145633
odd,nearest_fma,0.2,0.3,26236,0.324997,0.160244
odd,nearest_fma,0.3,0.4,26449,0.349996,0.171304
odd,nearest_fma,0.4,0.5,26518,0.874998,0.389589
odd,nearest_fma,0.5,0.6,26215,0.791664,0.477798
odd,nearest_fma,0.6,0.7,25885,0.433332,0.273597
odd,nearest_fma,0.7,0.8,26066,0.408332,0.226625
odd,nearest_fma,0.8,0.9,26237,0.383332,0.2064
odd,nearest_fma,0.9,1,26215,0.358333,0.203236
odd,nearest_comp,0,0.1,26143,0.108329,0.0611504
odd,nearest_comp,0.1,0.2,26180,0.218748,0.112064
odd,nearest_comp,0.2,0.3,26236,0.199999,0.111305
odd,nearest_comp,0.3,0.4,26449,0.183333,0.10161
odd,nearest_comp,0.4,0.5,26518,0.473957,0.214356
odd,nearest_comp,0.5,0.6,26215,0.458331,0.289465
odd,nearest_comp,0.6,0.7,25885,0.433332,0.273597
odd,nearest_comp,0.7,0.8,26066,0.408332,0.226625
odd,nearest_comp,0.8,0.9,26237,0.383332,0.2064
odd,nearest_comp,0.9,1,26215,0.358333,0.203236
odd,nearest_comp_nofma,0,0.1,26143,0.108329,0.0611504
odd,nearest_comp_nofma,0.1,0.2,26180,0.218748,0.112064
odd,nearest_comp_nofma,0.2,0.3,26236,0.199999,0.111305
odd,nearest_comp_nofma,0.3,0.4,26449,0.183333,0.10161
odd,nearest_comp_nofma,0.4,0.5,26518,0.473957,0.214356
odd,nearest_comp_nofma,0.5,0.6,26215,0.458331,0.289465
odd,nearest_comp_nofma,0.6,0.7,25885,0.433332,0.273597
odd,nearest_comp_nofma,0.7,0.8,26066,0.408332,0.226625
odd,nearest_comp_nofma,0.8,0.9,26237,0.383332,0.2064
odd,nearest_comp_nofma,0.9,1,26215,0.358333,0.203236
odd,left_comp_nofma,0,0.1,26143,0.108329,0.0611504
odd,left_comp_nofma,0.1,0.2,26180,0.218748,0.112064
odd,left_comp_nofma,0.2,0.3,26236,0.199999,0.111305
odd,left_comp_nofma,0.3,0.4,26449,0.183333,0.10161
odd,left_comp_nofma,0.4,0.5,26518,0.473957,0.214356
odd,left_comp_nofma,0.5,0.6,26215,0.458331,0.289465
odd,left_comp_nofma,0.6,0.7,25885,0.433332,0.273597
odd,left_comp_nofma,0.7,0.8,26066,0.408332,0.226625
odd,left_comp_nofma,0.8,0.9,26237,0.383332,0.2064
odd,left_comp_nofma,0.9,1,26215,0.358333,0.203236
odd,nearest_wide,0,0.1,26143,0.108329,0.0611504
odd,nearest_wide,0.1,0.2,26180,0.218748,0.112064
odd,nearest_wide,0.2,0.3,26236,0.199999,0.111305
odd,nearest_wide,0.3,0.4,26449,0.183333,0.10161
odd,nearest_wide,0.4,0.5,26518,0.473957,0.214356
odd,nearest_wide,0.5,0.6,26215,0.458331,0.289465
odd,nearest_wide,0.6,0.7,25885,0.433332,0.273597
odd,nearest_wide,0.7,0.8,26066,0.408332,0.226625
odd,nearest_wide,0.8,0.9,26237,0.383332,0.2064
odd,nearest_wide,0.9,1,26215,0.358333,0.203236
odd,correctly_rounded,0,0.1,26143,0.108329,0.0611504
odd,correctly_rounded,0.1,0.2,26180,0.218748,0.112064
odd,correctly_rounded,0.2,0.3,26236,0.199999,0.111305
odd,correctly_rounded,0.3,0.4,26449,0.183333,0.10161
odd,correctly_rounded,0.4,0.5,26518,0.473957,0.214356
odd,correctly_rounded,0.5,0.6,26215,0.458331,0.289465
odd,correctly_rounded,0.6,0.7,25885,0.433332,0.273597
odd,correctly_rounded,0.7,0.8,26066,0.408332,0.226625
odd,correctly_rounded,0.8,0.9,26237,0.383332,0.2064
odd,correctly_rounded,0.9,1,26215,0.358333,0.203236
rand,left,0,0.1,1673152,0.842258,0.185268
rand,left,0.1,0.2,1675520,1.01047,0.188509
rand,left,0.2,0.3,1679104,0.977149,0.201561
rand,left,0.3,0.4,1692736,1.41822,0.220475
rand,left,0.4,0.5,1697152,1.52793,0.255046
rand,left,0.5,0.6,1677760,2.12874,0.293794
rand,left,0.6,0.7,1656640,2.72644,0.330724
rand,left,0.7,0.8,1668224,2.87316,0.360443
rand,left,0.8,0.9,1679168,2.97656,0.396109
rand,left,0.9,1,1677760,3.04116,0.440649
rand,left_slope,0,0.1,1673152,0.6086,0.183663
rand,left_slope,0.1,0.2,1675520,0.691836,0.178967
rand,left_slope,0.2,0.3,1679104,0.775157,0.182876
rand,left_slope,0.3,0.4,1692736,0.792374,0.197418
rand,left_slope,0.4,0.5,1697152,0.928345,0.223538
rand,left_slope,0.5,0.6,1677760,1.315,0.252202
rand,left_slope,0.6,0.7,1656640,1.44926,0.285224
rand,left_slope,0.7,0.8,1668224,1.58431,0.317037
rand,left_slope,0.8,0.9,1679168,1.71936,0.348621
rand,left_slope,0.9,1,1677760,1.85778,0.381258
rand,left_t,0,0.1,1673152,0.678355,0.183437
rand,left_t,0.1,0.2,1675520,0.844324,0.178958
rand,left_t,0.2,0.3,1679104,0.945842,0.18692
rand,left_t,0.3,0.4,1692736,0.970343,0.199898
rand,left_t,0.4,0.5,1697152,0.976237,0.215703
rand,left_t,0.5,0.6,1677760,1.55046,0.277317
rand,left_t,0.6,0.7,1656640,1.76167,0.295811
rand,left_t,0.7,0.8,1668224,2.07882,0.316655
rand,left_t,0.8,0.9,1679168,2.19705,0.335058
rand,left_t,0.9,1,1677760,2.3038,0.355159
rand,right,0,0.1,1673152,3.03606,0.45076
rand,right,0.1,0.2,1675520,2.95193,0.402831
rand,right,0.2,0.3,1679104,2.8584,0.367245
rand,right,0.3,0.4,1692736,2.771,0.334512
rand,right,0.4,0.5,1697152,2.03383,0.295543
rand,right,0.5,0.6,1677760,1.53493,0.252066
rand,right,0.6,0.7,1656640,1.42773,0.222584
rand,right,0.7,0.8,1668224,1.24751,0.200099
rand,right,0.8,0.9,1679168,1.20806,0.180745
rand,right,0.9,1,1677760,0.848021,0.16682
rand,weights,0,0.1,1673152,1.0204,0.213698
rand,weights,0.1,0.2,1675520,1.13041,0.211871
rand,weights,0.2,0.3,1679104,1.28366,0.222559
rand,weights,0.3,0.4,1692736,1.20082,0.236394
rand,weights,0.4,0.5,1697152,1.2569,0.241872
rand,weights,0.5,0.6,1677760,1.48113,0.251817
rand,weights,0.6,0.7,1656640,1.53598,0.263646
rand,weights,0.7,0.8,1668224,1.77348,0.276694
rand,weights,0.8,0.9,1679168,1.81923,0.286198
rand,weights,0.9,1,1677760,1.79859,0.291697
rand,fma,0,0.1,1673152,0.678355,0.183437
rand,fma,0.1,0.2,1675520,0.844324,0.178958
rand,fma,0.2,0.3,1679104,0.945842,0.18692
rand,fma,0.3,0.4,1692736,0.970343,0.199898
rand,fma,0.4,0.5,1697152,0.976237,0.215703
rand,fma,0.5,0.6,1677760,1.55046,0.277317
rand,fma,0.6,0.7,1656640,1.76167,0.295811
rand,fma,0.7,0.8,1668224,2.07882,0.316655
rand,fma,0.8,0.9,1679168,2.19705,0.335058
rand,fma,0.9,1,1677760,2.3038,0.355159
rand,nearest,0,0.1,1673152,0.842258,0.185268
rand,nearest,0.1,0.2,1675520,1.01047,0.188509
rand,nearest,0.2,0.3,1679104,0.977149,0.201561
rand,nearest,0.3,0.4,1692736,1.41822,0.220475
rand,nearest,0.4,0.5,1697152,1.52793,0.255046
rand,nearest,0.5,0.6,1677760,1.53493,0.252066
rand,nearest,0.6,0.7,1656640,1.42773,0.222584
rand,nearest,0.7,0.8,1668224,1.24751,0.200099
rand,nearest,0.8,0.9,1679168,1.20806,0.180745
rand,nearest,0.9,1,1677760,0.848021,0.16682
rand,std::lerp,0,0.1,1673152,1.43995,0.22575
rand,std::lerp,0.1,0.2,1675520,1.51944,0.217227
rand,std::lerp,0.2,0.3,1679104,1.61777,0.214119
rand,std::lerp,0.3,0.4,1692736,1.59776,0.214211
rand,std::lerp,0.4,0.5,1697152,1.44849,0.212302
rand,std::lerp,0.5,0.6,1677760,1.26313,0.24595
rand,std::lerp,0.6,0.7,1656640,1.31577,0.248612
rand,std::lerp,0.7,0.8,1668224,1.42335,0.253342
rand,std::lerp,0.8,0.9,1679168,1.42603,0.257093
rand,std::lerp,0.9,1,1677760,1.47225,0.261302
rand,nearest_fma,0,0.1,1673152,0.6086,0.183663
rand,nearest_fma,0.1,0.2,1675520,0.691836,0.178967
rand,nearest_fma,0.2,0.3,1679104,0.775157,0.182876
rand,nearest_fma,0.3,0.4,1692736,0.792374,0.197418
rand,nearest_fma,0.4,0.5,1697152,0.928345,0.223538
rand,nearest_fma,0.5,0.6,1677760,1.06664,0.223743
rand,nearest_fma,0.6,0.7,1656640,1.03879,0.20039
rand,nearest_fma,0.7,0.8,1668224,0.904569,0.181223
rand,nearest_fma,0.8,0.9,1679168,0.766517,0.168158
rand,nearest_fma,0.9,1,1677760,0.633596,0.164589
rand,nearest_comp,0,0.1,1673152,0.499999,0.180555
rand,nearest_comp,0.1,0.2,1675520,0.499999,0.161819
rand,nearest_comp,0.2,0.3,1679104,0.499998,0.145032
rand,nearest_comp,0.3,0.4,1692736,0.499999,0.130805
rand,nearest_comp,0.4,0.5,1697152,0.499999,0.128331
rand,nearest_comp,0.5,0.6,1677760,0.499999,0.129235
rand,nearest_comp,0.6,0.7,1656640,0.499999,0.137306
rand,nearest_comp,0.7,0.8,1668224,0.5,0.145907
rand,nearest_comp,0.8,0.9,1679168,0.499999,0.155124
rand,nearest_comp,0.9,1,1677760,0.5,0.16266
rand,nearest_comp_nofma,0,0.1,1673152,0.499999,0.180555
rand,nearest_comp_nofma,0.1,0.2,1675520,0.499999,0.161819
rand,nearest_comp_nofma,0.2,0.3,1679104,0.499998,0.145032
rand,nearest_comp_nofma,0.3,0.4,1692736,0.499999,0.130805
rand,nearest_comp_nofma,0.4,0.5,1697152,0.499999,0.128331
rand,nearest_comp_nofma,0.5,0.6,1677760,0.499999,0.129235
rand,nearest_comp_nofma,0.6,0.7,1656640,0.499999,0.137306
rand,nearest_comp_nofma,0.7,0.8,1668224,0.5,0.145907
rand,nearest_comp_nofma,0.8,0.9,1679168,0.499999,0.155124
rand,nearest_comp_nofma,0.9,1,1677760,0.5,0.16266
rand,left_comp_nofma,0,0.1,1673152,0.499999,0.180555
rand,left_comp_nofma,0.1,0.2,1675520,0.499999,0.161819
rand,left_comp_nofma,0.2,0.3,1679104,0.499998,0.145032
rand,left_comp_nofma,0.3,0.4,1692736,0.499999,0.130805
rand,left_comp_nofma,0.4,0.5,1697152,0.499999,0.128331
rand,left_comp_nofma,0.5,0.6,1677760,0.499999,0.129235
rand,left_comp_nofma,0.6,0.7,1656640,0.499999,0.137306
rand,left_comp_nofma,0.7,0.8,1668224,0.5,0.145907
rand,left_comp_nofma,0.8,0.9,1679168,0.499999,0.155124
rand,left_comp_nofma,0.9,1,1677760,0.5,0.16266
rand,nearest_wide,0,0.1,1673152,0.5003,0.180555
rand,nearest_wide,0.1,0.2,1675520,0.500371,0.161819
rand,nearest_wide,0.2,0.3,1679104,0.500396,0.145032
rand,nearest_wide,0.3,0.4,1692736,0.500399,0.130805
rand,nearest_wide,0.4,0.5,1697152,0.500383,0.128331
rand,nearest_wide,0.5,0.6,1677760,0.500482,0.129235
rand,nearest_wide,0.6,0.7,1656640,0.500397,0.137306
rand,nearest_wide,0.7,0.8,1668224,0.500421,0.145907
rand,nearest_wide,0.8,0.9,1679168,0.500326,0.155124
rand,nearest_wide,0.9,1,1677760,0.500351,0.16266
rand,correctly_rounded,0,0.1,1673152,0.499999,0.180555
rand,correctly_rounded,0.1,0.2,1675520,0.499999,0.161819
rand,correctly_rounded,0.2,0.3,1679104,0.499998,0.145032
rand,correctly_rounded,0.3,0.4,1692736,0.499999,0.130805
rand,correctly_rounded,0.4,0.5,1697152,0.499999,0.128331
rand,correctly_rounded,0.5,0.6,1677760,0.499999,0.129235
rand,correctly_rounded,0.6,0.7,1656640,0.499999,0.137306
rand,correctly_rounded,0.7,0.8,1668224,0.5,0.145907
rand,correctly_rounded,0.8,0.9,1679168,0.499999,0.155124
rand,correctly_rounded,0.9,1,1677760,0.5,0.16266
