formula,exact_x0,exact_x1,segments,flat_ok,flat_samples,out_of_range,range_samples
left,1008,846,1008,2000000,2000000,0,2013154
left_slope,1008,842,1008,2000000,2000000,0,2013154
left_t,1008,908,1008,2000000,2000000,0,2013154
right,843,1008,1008,2000000,2000000,0,2013154
weights,1008,1008,1008,1884384,2000000,105,2013154
fma,1008,908,1008,2000000,2000000,0,2013154
nearest,1008,1008,1008,2000000,2000000,0,2013154
std::lerp,1008,1008,1008,2000000,2000000,0,2013154
nearest_fma,1008,1008,1008,2000000,2000000,0,2013154
nearest_comp,1008,1008,1008,2000000,2000000,0,2013154
nearest_comp_nofma,1008,1008,1008,2000000,2000000,0,2013154
left_comp_nofma,1008,842,1008,2000000,2000000,0,2013154
nearest_wide,1008,1008,1008,2000000,2000000,0,2013154
