case,formula,range,steps,max_err_ulps,mean_err_ulps,pct_differs_from_cr
unit,left,all,262144,0,0,0
unit,left,t<0.1,72160,0,0,0
unit,left,t>0.9,71976,0,0,0
unit,left_slope,all,262144,0,0,0
unit,left_slope,t<0.1,72160,0,0,0
unit,left_slope,t>0.9,71976,0,0,0
unit,left_t,all,262144,0,0,0
unit,left_t,t<0.1,72160,0,0,0
unit,left_t,t>0.9,71976,0,0,0
unit,right,all,262144,0,0,0
unit,right,t<0.1,72160,0,0,0
unit,right,t>0.9,71976,0,0,0
unit,weights,all,262144,0,0,0
unit,weights,t<0.1,72160,0,0,0
unit,weights,t>0.9,71976,0,0,0
unit,fma,all,262144,0,0,0
unit,fma,t<0.1,72160,0,0,0
unit,fma,t>0.9,71976,0,0,0
unit,nearest,all,262144,0,0,0
unit,nearest,t<0.1,72160,0,0,0
unit,nearest,t>0.9,71976,0,0,0
unit,std::lerp,all,262144,0,0,0
unit,std::lerp,t<0.1,72160,0,0,0
unit,std::lerp,t>0.9,71976,0,0,0
unit,nearest_fma,all,262144,0,0,0
unit,nearest_fma,t<0.1,72160,0,0,0
unit,nearest_fma,t>0.9,71976,0,0,0
unit,nearest_comp,all,262144,0,0,0
unit,nearest_comp,t<0.1,72160,0,0,0
unit,nearest_comp,t>0.9,71976,0,0,0
unit,nearest_wide,all,262144,0,0,0
unit,nearest_wide,t<0.1,72160,0,0,0
unit,nearest_wide,t>0.9,71976,0,0,0
unit,correctly_rounded,all,262144,0,0,0
unit,correctly_rounded,t<0.1,72160,0,0,0
unit,correctly_rounded,t>0.9,71976,0,0,0
off,left,all,128,0,0,0
off,left,t<0.1,13,0,0,0
off,left,t>0.9,12,0,0,0
off,left_slope,all,128,0,0,0
off,left_slope,t<0.1,13,0,0,0
off,left_slope,t>0.9,12,0,0,0
off,left_t,all,128,0,0,0
off,left_t,t<0.1,13,0,0,0
off,left_t,t>0.9,12,0,0,0
off,right,all,128,0,0,0
off,right,t<0.1,13,0,0,0
off,right,t>0.9,12,0,0,0
off,weights,all,128,0,0,0
off,weights,t<0.1,13,0,0,0
off,weights,t>0.9,12,0,0,0
off,fma,all,128,0,0,0
off,fma,t<0.1,13,0,0,0
off,fma,t>0.9,12,0,0,0
off,nearest,all,128,0,0,0
off,nearest,t<0.1,13,0,0,0
off,nearest,t>0.9,12,0,0,0
off,std::lerp,all,128,0,0,0
off,std::lerp,t<0.1,13,0,0,0
off,std::lerp,t>0.9,12,0,0,0
off,nearest_fma,all,128,0,0,0
off,nearest_fma,t<0.1,13,0,0,0
off,nearest_fma,t>0.9,12,0,0,0
off,nearest_comp,all,128,0,0,0
off,nearest_comp,t<0.1,13,0,0,0
off,nearest_comp,t>0.9,12,0,0,0
off,nearest_wide,all,128,0,0,0
off,nearest_wide,t<0.1,13,0,0,0
off,nearest_wide,t>0.9,12,0,0,0
off,correctly_rounded,all,128,0,0,0
off,correctly_rounded,t<0.1,13,0,0,0
off,correctly_rounded,t>0.9,12,0,0,0
yoff,left,all,262144,1.42109e-14,8.58213e-15,0
yoff,left,t<0.1,72160,1.77636e-15,9.66244e-17,0
yoff,left,t>0.9,71976,1.42109e-14,1.42109e-14,0
yoff,left_slope,all,262144,1.42109e-14,8.58213e-15,0
yoff,left_slope,t<0.1,72160,1.77636e-15,9.66244e-17,0
yoff,left_slope,t>0.9,71976,1.42109e-14,1.42109e-14,0
yoff,left_t,all,262144,1.42109e-14,8.58213e-15,0
yoff,left_t,t<0.1,72160,1.77636e-15,9.66244e-17,0
yoff,left_t,t>0.9,71976,1.42109e-14,1.42109e-14,0
yoff,right,all,262144,1.42109e-14,8.58213e-15,0
yoff,right,t<0.1,72160,1.77636e-15,9.66244e-17,0
yoff,right,t>0.9,71976,1.42109e-14,1.42109e-14,0
yoff,weights,all,262144,1,0.023819,2.3819
yoff,weights,t<0.1,72160,1,0.00648559,0.648559
yoff,weights,t>0.9,71976,1.42109e-14,1.42109e-14,0
yoff,fma,all,262144,1.42109e-14,8.58213e-15,0
yoff,fma,t<0.1,72160,1.77636e-15,9.66244e-17,0
yoff,fma,t>0.9,71976,1.42109e-14,1.42109e-14,0
yoff,nearest,all,262144,1.42109e-14,8.58213e-15,0
yoff,nearest,t<0.1,72160,1.77636e-15,9.66244e-17,0
yoff,nearest,t>0.9,71976,1.42109e-14,1.42109e-14,0
yoff,std::lerp,all,262144,1.42109e-14,8.58213e-15,0
yoff,std::lerp,t<0.1,72160,1.77636e-15,9.66244e-17,0
yoff,std::lerp,t>0.9,71976,1.42109e-14,1.42109e-14,0
yoff,nearest_fma,all,262144,1.42109e-14,8.58213e-15,0
yoff,nearest_fma,t<0.1,72160,1.77636e-15,9.66244e-17,0
yoff,nearest_fma,t>0.9,71976,1.42109e-14,1.42109e-14,0
yoff,nearest_comp,all,262144,1.42109e-14,8.58213e-15,0
yoff,nearest_comp,t<0.1,72160,1.77636e-15,9.66244e-17,0
yoff,nearest_comp,t>0.9,71976,1.42109e-14,1.42109e-14,0
yoff,nearest_wide,all,262144,1.42109e-14,8.58213e-15,0
yoff,nearest_wide,t<0.1,72160,1.77636e-15,9.66244e-17,0
yoff,nearest_wide,t>0.9,71976,1.42109e-14,1.42109e-14,0
yoff,correctly_rounded,all,262144,1.42109e-14,8.58213e-15,0
yoff,correctly_rounded,t<0.1,72160,1.77636e-15,9.66244e-17,0
yoff,correctly_rounded,t>0.9,71976,1.42109e-14,1.42109e-14,0
sign,left,all,262144,0.496094,0.0120403,0
sign,left,t<0.1,72160,0.496094,0.0110145,0
sign,left,t>0.9,71976,0,0,0
sign,left_slope,all,262144,0.496094,0.0120403,0
sign,left_slope,t<0.1,72160,0.496094,0.0110145,0
sign,left_slope,t>0.9,71976,0,0,0
sign,left_t,all,262144,0.496094,0.0120403,0
sign,left_t,t<0.1,72160,0.496094,0.0110145,0
sign,left_t,t>0.9,71976,0,0,0
sign,right,all,262144,0.998047,0.110028,21.0979
sign,right,t<0.1,72160,0.998047,0.0118343,2.04407
sign,right,t>0.9,71976,0,0,0
sign,weights,all,262144,0.998047,0.0632304,21.0979
sign,weights,t<0.1,72160,0.998047,0.0118343,2.04407
sign,weights,t>0.9,71976,0,0,0
sign,fma,all,262144,0.496094,0.0120403,0
sign,fma,t<0.1,72160,0.496094,0.0110145,0
sign,fma,t>0.9,71976,0,0,0
sign,nearest,all,262144,0.496094,0.0120403,0
sign,nearest,t<0.1,72160,0.496094,0.0110145,0
sign,nearest,t>0.9,71976,0,0,0
sign,std::lerp,all,262144,0.998047,0.0632304,21.0979
sign,std::lerp,t<0.1,72160,0.998047,0.0118343,2.04407
sign,std::lerp,t>0.9,71976,0,0,0
sign,nearest_fma,all,262144,0.496094,0.0120403,0
sign,nearest_fma,t<0.1,72160,0.496094,0.0110145,0
sign,nearest_fma,t>0.9,71976,0,0,0
sign,nearest_comp,all,262144,0.496094,0.0120403,0
sign,nearest_comp,t<0.1,72160,0.496094,0.0110145,0
sign,nearest_comp,t>0.9,71976,0,0,0
sign,nearest_wide,all,262144,0.496094,0.0120403,0
sign,nearest_wide,t<0.1,72160,0.496094,0.0110145,0
sign,nearest_wide,t>0.9,71976,0,0,0
sign,correctly_rounded,all,262144,0.496094,0.0120403,0
sign,correctly_rounded,t<0.1,72160,0.496094,0.0110145,0
sign,correctly_rounded,t>0.9,71976,0,0,0
flat,left,all,262144,0,0,0
flat,left,t<0.1,72160,0,0,0
flat,left,t>0.9,71976,0,0,0
flat,left_slope,all,262144,0,0,0
flat,left_slope,t<0.1,72160,0,0,0
flat,left_slope,t>0.9,71976,0,0,0
flat,left_t,all,262144,0,0,0
flat,left_t,t<0.1,72160,0,0,0
flat,left_t,t>0.9,71976,0,0,0
flat,right,all,262144,0,0,0
flat,right,t<0.1,72160,0,0,0
flat,right,t>0.9,71976,0,0,0
flat,weights,all,262144,1,0.0156746,1.56746
flat,weights,t<0.1,72160,1,0.00850887,0.850887
flat,weights,t>0.9,71976,0,0,0
flat,fma,all,262144,0,0,0
flat,fma,t<0.1,72160,0,0,0
flat,fma,t>0.9,71976,0,0,0
flat,nearest,all,262144,0,0,0
flat,nearest,t<0.1,72160,0,0,0
flat,nearest,t>0.9,71976,0,0,0
flat,std::lerp,all,262144,0,0,0
flat,std::lerp,t<0.1,72160,0,0,0
flat,std::lerp,t>0.9,71976,0,0,0
flat,nearest_fma,all,262144,0,0,0
flat,nearest_fma,t<0.1,72160,0,0,0
flat,nearest_fma,t>0.9,71976,0,0,0
flat,nearest_comp,all,262144,0,0,0
flat,nearest_comp,t<0.1,72160,0,0,0
flat,nearest_comp,t>0.9,71976,0,0,0
flat,nearest_wide,all,262144,0,0,0
flat,nearest_wide,t<0.1,72160,0,0,0
flat,nearest_wide,t>0.9,71976,0,0,0
flat,correctly_rounded,all,262144,0,0,0
flat,correctly_rounded,t<0.1,72160,0,0,0
flat,correctly_rounded,t>0.9,71976,0,0,0
steep,left,all,1024,0,0,0
steep,left,t<0.1,103,0,0,0
steep,left,t>0.9,102,0,0,0
steep,left_slope,all,1024,0,0,0
steep,left_slope,t<0.1,103,0,0,0
steep,left_slope,t>0.9,102,0,0,0
steep,left_t,all,1024,0,0,0
steep,left_t,t<0.1,103,0,0,0
steep,left_t,t>0.9,102,0,0,0
steep,right,all,1024,0,0,0
steep,right,t<0.1,103,0,0,0
steep,right,t>0.9,102,0,0,0
steep,weights,all,1024,0,0,0
steep,weights,t<0.1,103,0,0,0
steep,weights,t>0.9,102,0,0,0
steep,fma,all,1024,0,0,0
steep,fma,t<0.1,103,0,0,0
steep,fma,t>0.9,102,0,0,0
steep,nearest,all,1024,0,0,0
steep,nearest,t<0.1,103,0,0,0
steep,nearest,t>0.9,102,0,0,0
steep,std::lerp,all,1024,0,0,0
steep,std::lerp,t<0.1,103,0,0,0
steep,std::lerp,t>0.9,102,0,0,0
steep,nearest_fma,all,1024,0,0,0
steep,nearest_fma,t<0.1,103,0,0,0
steep,nearest_fma,t>0.9,102,0,0,0
steep,nearest_comp,all,1024,0,0,0
steep,nearest_comp,t<0.1,103,0,0,0
steep,nearest_comp,t>0.9,102,0,0,0
steep,nearest_wide,all,1024,0,0,0
steep,nearest_wide,t<0.1,103,0,0,0
steep,nearest_wide,t>0.9,102,0,0,0
steep,correctly_rounded,all,1024,0,0,0
steep,correctly_rounded,t<0.1,103,0,0,0
steep,correctly_rounded,t>0.9,102,0,0,0
neg,left,all,262144,1.71875,0.436012,49.4308
neg,left,t<0.1,72160,0.1875,0.0936998,0
neg,left,t>0.9,71976,1.125,0.984293,87.5139
neg,left_slope,all,262144,1.71875,0.436012,49.4308
neg,left_slope,t<0.1,72160,0.1875,0.0936998,0
neg,left_slope,t>0.9,71976,1.125,0.984293,87.5139
neg,left_t,all,262144,1.71875,0.436012,49.4308
neg,left_t,t<0.1,72160,0.1875,0.0936998,0
neg,left_t,t>0.9,71976,1.125,0.984293,87.5139
neg,right,all,262144,1.99945,0.439391,52.8191
neg,right,t<0.1,72160,1.4375,0.807515,100
neg,right,t>0.9,71976,0.875,0.218646,0
neg,weights,all,262144,1.4375,0.286899,35.8917
neg,weights,t<0.1,72160,0.1875,0.0936998,0
neg,weights,t>0.9,71976,1.125,0.437809,37.5458
neg,fma,all,262144,1.4375,0.217603,22.9839
neg,fma,t<0.1,72160,0.1875,0.0936998,0
neg,fma,t>0.9,71976,0.875,0.218646,0
neg,nearest,all,262144,1.125,0.213843,22.9836
neg,nearest,t<0.1,72160,0.1875,0.0936998,0
neg,nearest,t>0.9,71976,0.875,0.218646,0
neg,std::lerp,all,262144,1.4375,0.286899,35.8917
neg,std::lerp,t<0.1,72160,0.1875,0.0936998,0
neg,std::lerp,t>0.9,71976,1.125,0.437809,37.5458
neg,nearest_fma,all,262144,0.875,0.191466,17.8738
neg,nearest_fma,t<0.1,72160,0.1875,0.0936998,0
neg,nearest_fma,t>0.9,71976,0.875,0.218646,0
neg,nearest_comp,all,262144,1.125,0.209877,22.9836
neg,nearest_comp,t<0.1,72160,0.1875,0.0936998,0
neg,nearest_comp,t>0.9,71976,0.875,0.218646,0
neg,nearest_wide,all,262144,0.875,0.184698,0.00114441
neg,nearest_wide,t<0.1,72160,0.1875,0.0936998,0
neg,nearest_wide,t>0.9,71976,0.875,0.218646,0
neg,correctly_rounded,all,262144,0.875,0.184701,0
neg,correctly_rounded,t<0.1,72160,0.1875,0.0936998,0
neg,correctly_rounded,t>0.9,71976,0.875,0.218646,0
odd,left,all,262144,1.33333,0.444861,35.9478
odd,left,t<0.1,72160,0.333333,0.111359,0.175998
odd,left,t>0.9,71976,1.33333,0.534618,33.3181
odd,left_slope,all,262144,1.33333,0.418603,24.6063
odd,left_slope,t<0.1,72160,0.166667,0.111046,0
odd,left_slope,t>0.9,71976,0.666667,0.446459,0
odd,left_t,all,262144,1.33333,0.573434,58.9497
odd,left_t,t<0.1,72160,0.166667,0.111046,0
odd,left_t,t>0.9,71976,1.33333,0.892918,100
odd,right,all,262144,1.83333,0.440145,50.9453
odd,right,t<0.1,72160,1.83333,0.306218,72.0108
odd,right,t>0.9,71976,0.666667,0.446459,0
odd,weights,all,262144,1.33333,0.430595,56.5269
odd,weights,t<0.1,72160,0.416667,0.132725,38.3079
odd,weights,t>0.9,71976,0.666667,0.443435,66.9682
odd,fma,all,262144,1.33333,0.442634,50.7469
odd,fma,t<0.1,72160,0.166667,0.111046,0
odd,fma,t>0.9,71976,0.666667,0.446454,67.874
odd,nearest,all,262144,1.33333,0.398041,28.476
odd,nearest,t<0.1,72160,0.333333,0.111359,0.175998
odd,nearest,t>0.9,71976,0.666667,0.446459,0
odd,std::lerp,all,262144,1.33333,0.573434,58.9497
odd,std::lerp,t<0.1,72160,0.166667,0.111046,0
odd,std::lerp,t>0.9,71976,1.33333,0.892918,100
odd,nearest_fma,all,262144,1.33333,0.366457,24.7898
odd,nearest_fma,t<0.1,72160,0.166667,0.111046,0
odd,nearest_fma,t>0.9,71976,0.666667,0.446459,0
odd,nearest_comp,all,262144,1.33333,0.37475,27.8492
odd,nearest_comp,t<0.1,72160,0.166667,0.111046,0
odd,nearest_comp,t>0.9,71976,0.666667,0.446459,0
odd,nearest_wide,all,262144,0.666667,0.335662,0
odd,nearest_wide,t<0.1,72160,0.166667,0.111046,0
odd,nearest_wide,t>0.9,71976,0.666667,0.446459,0
odd,correctly_rounded,all,262144,0.666667,0.335662,0
odd,correctly_rounded,t<0.1,72160,0.166667,0.111046,0
odd,correctly_rounded,t>0.9,71976,0.666667,0.446459,0
rand,left,all,4194304,2.10302,0.312705,34.1327
rand,left,t<0.1,1154560,1.21621,0.247436,0.968421
rand,left,t>0.9,1151616,2.10302,0.43363,57.4968
rand,left_slope,all,4194304,1.9575,0.238759,28.2649
rand,left_slope,t<0.1,1154560,0.952445,0.2473,1.02896
rand,left_slope,t>0.9,1151616,1.9575,0.276498,46.2708
rand,left_t,all,4194304,2.06966,0.295216,32.8708
rand,left_t,t<0.1,1154560,0.952445,0.247399,0.950232
rand,left_t,t>0.9,1151616,2.06966,0.366703,52.1903
rand,right,all,4194304,2.11492,0.290592,30.6425
rand,right,t<0.1,1154560,2.11492,0.464965,44.7494
rand,right,t>0.9,1151616,1.10302,0.131325,0.921227
rand,weights,all,4194304,2.15663,0.345034,50.0566
rand,weights,t<0.1,1154560,2.15663,0.366475,44.1027
rand,weights,t>0.9,1151616,2.10356,0.328766,49.6336
rand,fma,all,4194304,1.9575,0.2498,27.5877
rand,fma,t<0.1,1154560,0.952445,0.247311,0.665188
rand,fma,t>0.9,1151616,1.9575,0.264327,37.8396
rand,nearest,all,4194304,1.21621,0.219418,17.4328
rand,nearest,t<0.1,1154560,1.21621,0.247436,0.968421
rand,nearest,t>0.9,1151616,1.10302,0.131325,0.921227
rand,std::lerp,all,4194304,2.06966,0.291935,38.3633
rand,std::lerp,t<0.1,1154560,1.78379,0.287944,17.9629
rand,std::lerp,t>0.9,1151616,2.06966,0.307028,48.3375
rand,nearest_fma,all,4194304,1.10302,0.169555,10.2857
rand,nearest_fma,t<0.1,1154560,0.952445,0.247179,0.842312
rand,nearest_fma,t>0.9,1151616,0.976222,0.130464,0.531948
rand,nearest_comp,all,4194304,1.21621,0.187708,13.7571
rand,nearest_comp,t<0.1,1154560,0.952445,0.247277,0.984877
rand,nearest_comp,t>0.9,1151616,1.10302,0.13114,0.835695
rand,nearest_wide,all,4194304,0.998514,0.169615,0.107908
rand,nearest_wide,t<0.1,1154560,0.952445,0.247177,0.107833
rand,nearest_wide,t>0.9,1151616,0.976222,0.130469,0.108369
rand,correctly_rounded,all,4194304,0.998514,0.169614,0
rand,correctly_rounded,t<0.1,1154560,0.952445,0.247179,0
rand,correctly_rounded,t>0.9,1151616,0.976222,0.130473,0
