formula,where,steps,same_as_cr,stalls,backwards,max_dev_ulps,extra_flat
left,t~0,556916,455981,54,0,15654,1
left,t~.5,516108,242957,4493,0,1208654,7
left,t~1,295530,138490,4982,0,1250,6
left,x~0,8192,6132,2055,0,512,1194
left,y~0,257898,21995,3473,0,921666963,7
left,rand,466285,248250,1342,0,35879,13
left,all,2100929,1113805,16399,0,921666963,1194
left_slope,t~0,556916,463719,50,0,6776,1
left_slope,t~.5,516108,268067,5024,0,160078,4
left_slope,t~1,295530,154707,4965,0,9442,3
left_slope,x~0,8192,6132,2055,0,512,1194
left_slope,y~0,257898,27413,3428,0,921666963,4
left_slope,rand,466285,270259,1435,0,29657,6
left_slope,all,2100929,1190297,16957,0,921666963,1194
left_t,t~0,556916,455534,48,0,21101,1
left_t,t~.5,516108,231860,5231,0,160078,7
left_t,t~1,295530,146116,4964,0,6942,3
left_t,x~0,8192,6132,2055,0,512,1194
left_t,y~0,257898,21843,3592,0,921666963,7
left_t,rand,466285,251021,1356,0,118583,13
left_t,all,2100929,1112506,17246,0,921666963,1194
right,t~0,556916,246049,6915,0,10565,16
right,t~.5,516108,272158,3339,0,177229,7
right,t~1,295530,282191,107,0,50,0
right,x~0,8192,6132,2056,0,1024,1139
right,y~0,257898,32896,3110,0,1824207180,7
right,rand,466285,268241,1212,0,35879,24
right,all,2100929,1107667,16739,0,1824207180,1139
weights,t~0,556916,283070,2950,1042,8813,16
weights,t~.5,516108,209040,6734,94,888498,7
weights,t~1,295530,139889,4782,459,3614,3
weights,x~0,8192,6132,2055,0,512,1194
weights,y~0,257898,24023,2942,0,1803951327,7
weights,rand,466285,199028,2711,626,44855,17
weights,all,2100929,861182,22174,2221,1803951327,1194
fma,t~0,556916,477360,24,0,13642,1
fma,t~.5,516108,258495,4682,0,124818,7
fma,t~1,295530,170468,2541,0,2936,3
fma,x~0,8192,6132,2055,0,512,1194
fma,y~0,257898,32496,2686,0,1787451183,7
fma,rand,466285,279131,1044,0,68319,8
fma,all,2100929,1224082,13032,0,1787451183,1194
nearest,t~0,556916,463960,54,0,15654,1
nearest,t~.5,516108,272153,3339,0,177229,7
nearest,t~1,295530,282191,107,0,50,0
nearest,x~0,8192,6130,2055,0,512,1022
nearest,y~0,257898,36606,2410,0,913863738,7
nearest,rand,466285,310065,918,0,35879,8
nearest,all,2100929,1371105,8883,0,913863738,1022
std::lerp,t~0,556916,376416,828,0,8813,16
std::lerp,t~.5,516108,234190,5231,0,888498,7
std::lerp,t~1,295530,152711,4324,0,3614,3
std::lerp,x~0,8192,6132,2055,0,512,1194
std::lerp,y~0,257898,24023,2942,0,1803951327,7
std::lerp,rand,466285,236568,1387,0,44855,17
std::lerp,all,2100929,1030040,16767,0,1803951327,1194
nearest_fma,t~0,556916,501504,41,0,5608,0
nearest_fma,t~.5,516108,379792,3576,1,234770,4
nearest_fma,t~1,295530,288092,122,0,158,0
nearest_fma,x~0,8192,6129,2055,0,512,1022
nearest_fma,y~0,257898,179404,1536,0,1824926390,4
nearest_fma,rand,466285,376207,933,0,14265,1
nearest_fma,all,2100929,1731128,8263,1,1824926390,1022
nearest_comp,t~0,556916,474775,46,0,6776,1
nearest_comp,t~.5,516108,303252,3317,1,160078,4
nearest_comp,t~1,295530,283950,127,0,58,0
nearest_comp,x~0,8192,6130,2055,0,512,1022
nearest_comp,y~0,257898,44906,1970,0,1829084958,4
nearest_comp,rand,466285,328236,947,0,29657,4
nearest_comp,all,2100929,1441249,8462,1,1829084958,1022
nearest_comp_nofma,t~0,556916,471826,61,0,6776,1
nearest_comp_nofma,t~.5,516108,294635,3316,1,177229,4
nearest_comp_nofma,t~1,295530,282404,129,0,78,0
nearest_comp_nofma,x~0,8192,6130,2055,0,512,1022
nearest_comp_nofma,y~0,257898,42963,2404,0,1829084958,4
nearest_comp_nofma,rand,466285,322962,1034,0,29657,4
nearest_comp_nofma,all,2100929,1420920,8999,1,1829084958,1022
nearest_wide,t~0,556916,556904,0,0,1,0
nearest_wide,t~.5,516108,516100,0,0,1,0
nearest_wide,t~1,295530,295530,0,0,0,0
nearest_wide,x~0,8192,8192,0,0,0,0
nearest_wide,y~0,257898,257886,0,0,1,0
nearest_wide,rand,466285,466271,0,0,1,0
nearest_wide,all,2100929,2100883,0,0,1,0
correctly_rounded,t~0,556916,556916,0,0,0,0
correctly_rounded,t~.5,516108,516108,0,0,0,0
correctly_rounded,t~1,295530,295530,0,0,0,0
correctly_rounded,x~0,8192,8192,0,0,0,0
correctly_rounded,y~0,257898,257898,0,0,0,0
correctly_rounded,rand,466285,466285,0,0,0,0
correctly_rounded,all,2100929,2100929,0,0,0,0
